4City,Item,Category,Year,Month1,Month2,Month3,Month4,Month5,Month6,Month7,Month8,Month9,Month10,Month11,Month12
Karachi,Wheat Flour,Food,2022,85.5,86.0,86.8,87.5,88.0,87.5,87.0,86.5,87.2,88.0,89.5,90.0
Karachi,Rice Basmati,Food,2022,120.0,121.5,122.0,123.5,124.0,123.0,122.5,123.0,124.5,126.0,127.5,128.0
Karachi,Sugar,Food,2022,95.0,96.0,97.5,98.0,97.0,96.5,96.0,97.0,98.5,100.0,101.5,102.0
Karachi,Cooking Oil,Food,2022,340.0,345.0,350.0,355.0,360.0,358.0,355.0,352.0,355.0,360.0,365.0,370.0
Karachi,Milk Fresh,Food,2022,110.0,112.0,113.5,114.0,115.0,116.0,115.0,114.5,115.0,116.5,118.0,120.0
Karachi,Chicken,Food,2022,280.0,285.0,290.0,295.0,300.0,295.0,290.0,295.0,300.0,305.0,310.0,315.0
Karachi,Onion,Food,2022,45.0,48.0,50.0,52.0,55.0,58.0,55.0,50.0,48.0,46.0,44.0,42.0
Karachi,Tomato,Food,2022,60.0,65.0,70.0,75.0,80.0,85.0,80.0,75.0,70.0,65.0,60.0,55.0
Karachi,Electricity,Energy,2022,18.0,18.5,19.0,19.5,20.0,21.0,22.0,22.5,21.5,21.0,20.5,20.0
Karachi,Gas,Energy,2022,12.0,12.0,12.5,12.5,13.0,13.5,14.0,14.0,13.5,13.0,12.5,12.0
Karachi,Petrol,Energy,2022,150.0,155.0,160.0,175.0,180.0,210.0,230.0,225.0,220.0,215.0,210.0,205.0
Karachi,Diesel,Energy,2022,135.0,140.0,145.0,160.0,165.0,195.0,215.0,210.0,205.0,200.0,195.0,190.0
Karachi,Cotton Cloth,Clothing,2022,200.0,202.0,205.0,207.0,210.0,212.0,215.0,217.0,220.0,222.0,225.0,228.0
Karachi,Shoes,Clothing,2022,850.0,855.0,860.0,865.0,870.0,875.0,880.0,885.0,890.0,895.0,900.0,905.0
Karachi,House Rent,Housing,2022,15000.0,15100.0,15200.0,15300.0,15400.0,15500.0,15600.0,15700.0,15800.0,15900.0,16000.0,16100.0
Karachi,School Fee,Education,2022,3000.0,3000.0,3000.0,3100.0,3100.0,3100.0,3200.0,3200.0,3200.0,3300.0,3300.0,3300.0
Karachi,Medicine,Health,2022,450.0,455.0,460.0,465.0,470.0,475.0,480.0,485.0,490.0,495.0,500.0,505.0
Karachi,Bus Fare,Transport,2022,25.0,25.0,25.0,25.0,30.0,30.0,30.0,35.0,35.0,35.0,35.0,35.0
Lahore,Wheat Flour,Food,2022,83.0,84.0,85.0,86.0,87.0,86.5,86.0,85.5,86.0,87.5,89.0,90.0
Lahore,Rice Basmati,Food,2022,118.0,119.5,120.0,122.0,123.0,122.0,121.5,122.0,123.5,125.0,126.5,127.0
Lahore,Sugar,Food,2022,93.0,94.5,96.0,97.0,96.0,95.5,95.0,96.0,97.5,99.0,100.5,101.5
Lahore,Cooking Oil,Food,2022,338.0,343.0,348.0,353.0,358.0,356.0,353.0,350.0,353.0,358.0,363.0,368.0
Lahore,Milk Fresh,Food,2022,108.0,110.0,111.5,112.0,113.0,114.0,113.0,112.5,113.0,114.5,116.0,118.0
Lahore,Chicken,Food,2022,275.0,280.0,285.0,290.0,295.0,290.0,285.0,290.0,295.0,300.0,305.0,310.0
Lahore,Onion,Food,2022,43.0,46.0,48.0,50.0,53.0,56.0,53.0,48.0,46.0,44.0,42.0,40.0
Lahore,Tomato,Food,2022,58.0,63.0,68.0,73.0,78.0,83.0,78.0,73.0,68.0,63.0,58.0,53.0
Lahore,Electricity,Energy,2022,17.5,18.0,18.5,19.0,19.5,20.5,21.5,22.0,21.0,20.5,20.0,19.5
Lahore,Gas,Energy,2022,11.5,11.5,12.0,12.0,12.5,13.0,13.5,13.5,13.0,12.5,12.0,11.5
Lahore,Petrol,Energy,2022,149.0,154.0,159.0,174.0,179.0,209.0,229.0,224.0,219.0,214.0,209.0,204.0
Lahore,Diesel,Energy,2022,133.0,138.0,143.0,158.0,163.0,193.0,213.0,208.0,203.0,198.0,193.0,188.0
Lahore,Cotton Cloth,Clothing,2022,198.0,200.0,203.0,205.0,208.0,210.0,213.0,215.0,218.0,220.0,223.0,226.0
Lahore,Shoes,Clothing,2022,845.0,850.0,855.0,860.0,865.0,870.0,875.0,880.0,885.0,890.0,895.0,900.0
Lahore,House Rent,Housing,2022,14500.0,14600.0,14700.0,14800.0,14900.0,15000.0,15100.0,15200.0,15300.0,15400.0,15500.0,15600.0
Lahore,School Fee,Education,2022,2900.0,2900.0,2900.0,3000.0,3000.0,3000.0,3100.0,3100.0,3100.0,3200.0,3200.0,3200.0
Lahore,Medicine,Health,2022,445.0,450.0,455.0,460.0,465.0,470.0,475.0,480.0,485.0,490.0,495.0,500.0
Lahore,Bus Fare,Transport,2022,23.0,23.0,23.0,23.0,28.0,28.0,28.0,33.0,33.0,33.0,33.0,33.0
Islamabad,Wheat Flour,Food,2022,84.0,85.0,86.0,87.0,88.0,87.0,86.5,86.0,86.5,88.0,89.5,90.5
Islamabad,Rice Basmati,Food,2022,119.0,120.5,121.0,122.5,123.5,122.5,122.0,122.5,124.0,125.5,127.0,127.5
Islamabad,Sugar,Food,2022,94.0,95.0,96.5,97.5,96.5,96.0,95.5,96.5,98.0,99.5,101.0,101.5
Islamabad,Cooking Oil,Food,2022,339.0,344.0,349.0,354.0,359.0,357.0,354.0,351.0,354.0,359.0,364.0,369.0
Islamabad,Milk Fresh,Food,2022,109.0,111.0,112.5,113.0,114.0,115.0,114.0,113.5,114.0,115.5,117.0,119.0
Islamabad,Chicken,Food,2022,278.0,283.0,288.0,293.0,298.0,293.0,288.0,293.0,298.0,303.0,308.0,313.0
Islamabad,Onion,Food,2022,44.0,47.0,49.0,51.0,54.0,57.0,54.0,49.0,47.0,45.0,43.0,41.0
Islamabad,Tomato,Food,2022,59.0,64.0,69.0,74.0,79.0,84.0,79.0,74.0,69.0,64.0,59.0,54.0
Islamabad,Electricity,Energy,2022,17.8,18.3,18.8,19.3,19.8,20.8,21.8,22.3,21.3,20.8,20.3,19.8
Islamabad,Gas,Energy,2022,11.8,11.8,12.3,12.3,12.8,13.3,13.8,13.8,13.3,12.8,12.3,11.8
Islamabad,Petrol,Energy,2022,149.5,154.5,159.5,174.5,179.5,209.5,229.5,224.5,219.5,214.5,209.5,204.5
Islamabad,Diesel,Energy,2022,134.0,139.0,144.0,159.0,164.0,194.0,214.0,209.0,204.0,199.0,194.0,189.0
Islamabad,Cotton Cloth,Clothing,2022,199.0,201.0,204.0,206.0,209.0,211.0,214.0,216.0,219.0,221.0,224.0,227.0
Islamabad,Shoes,Clothing,2022,847.0,852.0,857.0,862.0,867.0,872.0,877.0,882.0,887.0,892.0,897.0,902.0
Islamabad,House Rent,Housing,2022,16000.0,16100.0,16200.0,16300.0,16400.0,16500.0,16600.0,16700.0,16800.0,16900.0,17000.0,17100.0
Islamabad,School Fee,Education,2022,3100.0,3100.0,3100.0,3200.0,3200.0,3200.0,3300.0,3300.0,3300.0,3400.0,3400.0,3400.0
Islamabad,Medicine,Health,2022,448.0,453.0,458.0,463.0,468.0,473.0,478.0,483.0,488.0,493.0,498.0,503.0
Islamabad,Bus Fare,Transport,2022,24.0,24.0,24.0,24.0,29.0,29.0,29.0,34.0,34.0,34.0,34.0,34.0
Peshawar,Wheat Flour,Food,2022,82.0,83.0,84.0,85.0,86.0,85.5,85.0,84.5,85.0,86.5,88.0,89.0
Peshawar,Rice Basmati,Food,2022,117.0,118.5,119.0,121.0,122.0,121.0,120.5,121.0,122.5,124.0,125.5,126.0
Peshawar,Sugar,Food,2022,92.0,93.5,95.0,96.0,95.0,94.5,94.0,95.0,96.5,98.0,99.5,100.5
Peshawar,Cooking Oil,Food,2022,336.0,341.0,346.0,351.0,356.0,354.0,351.0,348.0,351.0,356.0,361.0,366.0
Peshawar,Milk Fresh,Food,2022,106.0,108.0,109.5,110.0,111.0,112.0,111.0,110.5,111.0,112.5,114.0,116.0
Peshawar,Chicken,Food,2022,272.0,277.0,282.0,287.0,292.0,287.0,282.0,287.0,292.0,297.0,302.0,307.0
Peshawar,Onion,Food,2022,41.0,44.0,46.0,48.0,51.0,54.0,51.0,46.0,44.0,42.0,40.0,38.0
Peshawar,Tomato,Food,2022,56.0,61.0,66.0,71.0,76.0,81.0,76.0,71.0,66.0,61.0,56.0,51.0
Peshawar,Electricity,Energy,2022,17.0,17.5,18.0,18.5,19.0,20.0,21.0,21.5,20.5,20.0,19.5,19.0
Peshawar,Gas,Energy,2022,11.0,11.0,11.5,11.5,12.0,12.5,13.0,13.0,12.5,12.0,11.5,11.0
Peshawar,Petrol,Energy,2022,148.0,153.0,158.0,173.0,178.0,208.0,228.0,223.0,218.0,213.0,208.0,203.0
Peshawar,Diesel,Energy,2022,132.0,137.0,142.0,157.0,162.0,192.0,212.0,207.0,202.0,197.0,192.0,187.0
Peshawar,Cotton Cloth,Clothing,2022,196.0,198.0,201.0,203.0,206.0,208.0,211.0,213.0,216.0,218.0,221.0,224.0
Peshawar,Shoes,Clothing,2022,840.0,845.0,850.0,855.0,860.0,865.0,870.0,875.0,880.0,885.0,890.0,895.0
Peshawar,House Rent,Housing,2022,13000.0,13100.0,13200.0,13300.0,13400.0,13500.0,13600.0,13700.0,13800.0,13900.0,14000.0,14100.0
Peshawar,School Fee,Education,2022,2800.0,2800.0,2800.0,2900.0,2900.0,2900.0,3000.0,3000.0,3000.0,3100.0,3100.0,3100.0
Peshawar,Medicine,Health,2022,440.0,445.0,450.0,455.0,460.0,465.0,470.0,475.0,480.0,485.0,490.0,495.0
Peshawar,Bus Fare,Transport,2022,22.0,22.0,22.0,22.0,27.0,27.0,27.0,32.0,32.0,32.0,32.0,32.0
Quetta,Wheat Flour,Food,2022,80.0,81.0,82.0,83.0,84.0,83.5,83.0,82.5,83.0,84.5,86.0,87.0
Quetta,Rice Basmati,Food,2022,115.0,116.5,117.0,119.0,120.0,119.0,118.5,119.0,120.5,122.0,123.5,124.0
Quetta,Sugar,Food,2022,90.0,91.5,93.0,94.0,93.0,92.5,92.0,93.0,94.5,96.0,97.5,98.5
Quetta,Cooking Oil,Food,2022,334.0,339.0,344.0,349.0,354.0,352.0,349.0,346.0,349.0,354.0,359.0,364.0
Quetta,Milk Fresh,Food,2022,104.0,106.0,107.5,108.0,109.0,110.0,109.0,108.5,109.0,110.5,112.0,114.0
Quetta,Chicken,Food,2022,268.0,273.0,278.0,283.0,288.0,283.0,278.0,283.0,288.0,293.0,298.0,303.0
Quetta,Onion,Food,2022,39.0,42.0,44.0,46.0,49.0,52.0,49.0,44.0,42.0,40.0,38.0,36.0
Quetta,Tomato,Food,2022,54.0,59.0,64.0,69.0,74.0,79.0,74.0,69.0,64.0,59.0,54.0,49.0
Quetta,Electricity,Energy,2022,16.5,17.0,17.5,18.0,18.5,19.5,20.5,21.0,20.0,19.5,19.0,18.5
Quetta,Gas,Energy,2022,10.5,10.5,11.0,11.0,11.5,12.0,12.5,12.5,12.0,11.5,11.0,10.5
Quetta,Petrol,Energy,2022,147.0,152.0,157.0,172.0,177.0,207.0,227.0,222.0,217.0,212.0,207.0,202.0
Quetta,Diesel,Energy,2022,131.0,136.0,141.0,156.0,161.0,191.0,211.0,206.0,201.0,196.0,191.0,186.0
Quetta,Cotton Cloth,Clothing,2022,194.0,196.0,199.0,201.0,204.0,206.0,209.0,211.0,214.0,216.0,219.0,222.0
Quetta,Shoes,Clothing,2022,835.0,840.0,845.0,850.0,855.0,860.0,865.0,870.0,875.0,880.0,885.0,890.0
Quetta,House Rent,Housing,2022,12000.0,12100.0,12200.0,12300.0,12400.0,12500.0,12600.0,12700.0,12800.0,12900.0,13000.0,13100.0
Quetta,School Fee,Education,2022,2700.0,2700.0,2700.0,2800.0,2800.0,2800.0,2900.0,2900.0,2900.0,3000.0,3000.0,3000.0
Quetta,Medicine,Health,2022,435.0,440.0,445.0,450.0,455.0,460.0,465.0,470.0,475.0,480.0,485.0,490.0
Quetta,Bus Fare,Transport,2022,20.0,20.0,20.0,20.0,25.0,25.0,25.0,30.0,30.0,30.0,30.0,30.0
Karachi,Wheat Flour,Food,2023,90.5,91.5,93.0,95.0,96.5,97.0,97.5,97.0,98.0,99.5,101.0,102.5
Karachi,Rice Basmati,Food,2023,129.0,131.0,133.0,135.0,137.0,138.0,139.0,140.0,142.0,144.0,146.0,148.0
Karachi,Sugar,Food,2023,103.0,105.0,108.0,110.0,112.0,113.0,112.0,111.0,112.0,114.0,116.0,118.0
Karachi,Cooking Oil,Food,2023,372.0,375.0,378.0,380.0,382.0,380.0,378.0,376.0,378.0,382.0,386.0,390.0
Karachi,Milk Fresh,Food,2023,122.0,124.0,126.0,128.0,130.0,131.0,130.0,129.0,130.0,132.0,134.0,136.0
Karachi,Chicken,Food,2023,318.0,322.0,326.0,330.0,334.0,332.0,330.0,332.0,336.0,340.0,344.0,348.0
Karachi,Onion,Food,2023,40.0,43.0,46.0,50.0,55.0,60.0,57.0,52.0,48.0,44.0,40.0,37.0
Karachi,Tomato,Food,2023,53.0,58.0,63.0,70.0,78.0,86.0,82.0,76.0,70.0,63.0,56.0,50.0
Karachi,Electricity,Energy,2023,20.5,21.0,21.5,22.0,23.0,25.0,27.0,28.0,27.0,26.0,25.0,24.0
Karachi,Gas,Energy,2023,12.5,13.0,13.5,14.0,14.5,15.0,15.5,15.5,15.0,14.5,14.0,13.5
Karachi,Petrol,Energy,2023,202.0,200.0,198.0,200.0,205.0,215.0,225.0,230.0,235.0,240.0,245.0,250.0
Karachi,Diesel,Energy,2023,187.0,185.0,183.0,185.0,190.0,200.0,210.0,215.0,220.0,225.0,230.0,235.0
Karachi,Cotton Cloth,Clothing,2023,230.0,233.0,236.0,240.0,244.0,248.0,252.0,256.0,260.0,264.0,268.0,272.0
Karachi,Shoes,Clothing,2023,910.0,918.0,926.0,934.0,942.0,950.0,958.0,966.0,974.0,982.0,990.0,998.0
Karachi,House Rent,Housing,2023,16200.0,16400.0,16600.0,16800.0,17000.0,17200.0,17400.0,17600.0,17800.0,18000.0,18200.0,18400.0
Karachi,School Fee,Education,2023,3400.0,3400.0,3400.0,3500.0,3500.0,3500.0,3600.0,3600.0,3600.0,3700.0,3700.0,3700.0
Karachi,Medicine,Health,2023,510.0,516.0,522.0,528.0,534.0,540.0,546.0,552.0,558.0,564.0,570.0,576.0
Karachi,Bus Fare,Transport,2023,35.0,35.0,40.0,40.0,40.0,45.0,45.0,45.0,50.0,50.0,50.0,50.0
Lahore,Wheat Flour,Food,2023,91.0,92.0,93.5,95.5,97.0,97.5,98.0,97.5,98.5,100.0,101.5,103.0
Lahore,Rice Basmati,Food,2023,128.0,130.0,132.0,134.0,136.0,137.0,138.0,139.0,141.0,143.0,145.0,147.0
Lahore,Sugar,Food,2023,102.0,104.0,107.0,109.0,111.0,112.0,111.0,110.0,111.0,113.0,115.0,117.0
Lahore,Cooking Oil,Food,2023,370.0,373.0,376.0,378.0,380.0,378.0,376.0,374.0,376.0,380.0,384.0,388.0
Lahore,Milk Fresh,Food,2023,120.0,122.0,124.0,126.0,128.0,129.0,128.0,127.0,128.0,130.0,132.0,134.0
Lahore,Chicken,Food,2023,312.0,316.0,320.0,324.0,328.0,326.0,324.0,326.0,330.0,334.0,338.0,342.0
Lahore,Onion,Food,2023,38.0,41.0,44.0,48.0,53.0,58.0,55.0,50.0,46.0,42.0,38.0,35.0
Lahore,Tomato,Food,2023,51.0,56.0,61.0,68.0,76.0,84.0,80.0,74.0,68.0,61.0,54.0,48.0
Lahore,Electricity,Energy,2023,20.0,20.5,21.0,21.5,22.5,24.5,26.5,27.5,26.5,25.5,24.5,23.5
Lahore,Gas,Energy,2023,12.0,12.5,13.0,13.5,14.0,14.5,15.0,15.0,14.5,14.0,13.5,13.0
Lahore,Petrol,Energy,2023,201.0,199.0,197.0,199.0,204.0,214.0,224.0,229.0,234.0,239.0,244.0,249.0
Lahore,Diesel,Energy,2023,185.0,183.0,181.0,183.0,188.0,198.0,208.0,213.0,218.0,223.0,228.0,233.0
Lahore,Cotton Cloth,Clothing,2023,228.0,231.0,234.0,238.0,242.0,246.0,250.0,254.0,258.0,262.0,266.0,270.0
Lahore,Shoes,Clothing,2023,905.0,913.0,921.0,929.0,937.0,945.0,953.0,961.0,969.0,977.0,985.0,993.0
Lahore,House Rent,Housing,2023,15700.0,15900.0,16100.0,16300.0,16500.0,16700.0,16900.0,17100.0,17300.0,17500.0,17700.0,17900.0
Lahore,School Fee,Education,2023,3300.0,3300.0,3300.0,3400.0,3400.0,3400.0,3500.0,3500.0,3500.0,3600.0,3600.0,3600.0
Lahore,Medicine,Health,2023,505.0,511.0,517.0,523.0,529.0,535.0,541.0,547.0,553.0,559.0,565.0,571.0
Lahore,Bus Fare,Transport,2023,33.0,33.0,38.0,38.0,38.0,43.0,43.0,43.0,48.0,48.0,48.0,48.0
Islamabad,Wheat Flour,Food,2023,91.5,92.5,94.0,96.0,97.5,98.0,98.5,98.0,99.0,100.5,102.0,103.5
Islamabad,Rice Basmati,Food,2023,128.5,130.5,132.5,134.5,136.5,137.5,138.5,139.5,141.5,143.5,145.5,147.5
Islamabad,Sugar,Food,2023,102.5,104.5,107.5,109.5,111.5,112.5,111.5,110.5,111.5,113.5,115.5,117.5
Islamabad,Cooking Oil,Food,2023,371.0,374.0,377.0,379.0,381.0,379.0,377.0,375.0,377.0,381.0,385.0,389.0
Islamabad,Milk Fresh,Food,2023,121.0,123.0,125.0,127.0,129.0,130.0,129.0,128.0,129.0,131.0,133.0,135.0
Islamabad,Chicken,Food,2023,315.0,319.0,323.0,327.0,331.0,329.0,327.0,329.0,333.0,337.0,341.0,345.0
Islamabad,Onion,Food,2023,39.0,42.0,45.0,49.0,54.0,59.0,56.0,51.0,47.0,43.0,39.0,36.0
Islamabad,Tomato,Food,2023,52.0,57.0,62.0,69.0,77.0,85.0,81.0,75.0,69.0,62.0,55.0,49.0
Islamabad,Electricity,Energy,2023,20.3,20.8,21.3,21.8,22.8,24.8,26.8,27.8,26.8,25.8,24.8,23.8
Islamabad,Gas,Energy,2023,12.3,12.8,13.3,13.8,14.3,14.8,15.3,15.3,14.8,14.3,13.8,13.3
Islamabad,Petrol,Energy,2023,201.5,199.5,197.5,199.5,204.5,214.5,224.5,229.5,234.5,239.5,244.5,249.5
Islamabad,Diesel,Energy,2023,186.0,184.0,182.0,184.0,189.0,199.0,209.0,214.0,219.0,224.0,229.0,234.0
Islamabad,Cotton Cloth,Clothing,2023,229.0,232.0,235.0,239.0,243.0,247.0,251.0,255.0,259.0,263.0,267.0,271.0
Islamabad,Shoes,Clothing,2023,907.0,915.0,923.0,931.0,939.0,947.0,955.0,963.0,971.0,979.0,987.0,995.0
Islamabad,House Rent,Housing,2023,17200.0,17400.0,17600.0,17800.0,18000.0,18200.0,18400.0,18600.0,18800.0,19000.0,19200.0,19400.0
Islamabad,School Fee,Education,2023,3500.0,3500.0,3500.0,3600.0,3600.0,3600.0,3700.0,3700.0,3700.0,3800.0,3800.0,3800.0
Islamabad,Medicine,Health,2023,508.0,514.0,520.0,526.0,532.0,538.0,544.0,550.0,556.0,562.0,568.0,574.0
Islamabad,Bus Fare,Transport,2023,34.0,34.0,39.0,39.0,39.0,44.0,44.0,44.0,49.0,49.0,49.0,49.0
Peshawar,Wheat Flour,Food,2023,90.0,91.0,92.5,94.5,96.0,96.5,97.0,96.5,97.5,99.0,100.5,102.0
Peshawar,Rice Basmati,Food,2023,127.0,129.0,131.0,133.0,135.0,136.0,137.0,138.0,140.0,142.0,144.0,146.0
Peshawar,Sugar,Food,2023,101.5,103.5,106.5,108.5,110.5,111.5,110.5,109.5,110.5,112.5,114.5,116.5
Peshawar,Cooking Oil,Food,2023,368.0,371.0,374.0,376.0,378.0,376.0,374.0,372.0,374.0,378.0,382.0,386.0
Peshawar,Milk Fresh,Food,2023,118.0,120.0,122.0,124.0,126.0,127.0,126.0,125.0,126.0,128.0,130.0,132.0
Peshawar,Chicken,Food,2023,309.0,313.0,317.0,321.0,325.0,323.0,321.0,323.0,327.0,331.0,335.0,339.0
Peshawar,Onion,Food,2023,37.0,40.0,43.0,47.0,52.0,57.0,54.0,49.0,45.0,41.0,37.0,34.0
Peshawar,Tomato,Food,2023,50.0,55.0,60.0,67.0,75.0,83.0,79.0,73.0,67.0,60.0,53.0,47.0
Peshawar,Electricity,Energy,2023,19.5,20.0,20.5,21.0,22.0,24.0,26.0,27.0,26.0,25.0,24.0,23.0
Peshawar,Gas,Energy,2023,11.5,12.0,12.5,13.0,13.5,14.0,14.5,14.5,14.0,13.5,13.0,12.5
Peshawar,Petrol,Energy,2023,200.0,198.0,196.0,198.0,203.0,213.0,223.0,228.0,233.0,238.0,243.0,248.0
Peshawar,Diesel,Energy,2023,184.0,182.0,180.0,182.0,187.0,197.0,207.0,212.0,217.0,222.0,227.0,232.0
Peshawar,Cotton Cloth,Clothing,2023,226.0,229.0,232.0,236.0,240.0,244.0,248.0,252.0,256.0,260.0,264.0,268.0
Peshawar,Shoes,Clothing,2023,898.0,906.0,914.0,922.0,930.0,938.0,946.0,954.0,962.0,970.0,978.0,986.0
Peshawar,House Rent,Housing,2023,14200.0,14400.0,14600.0,14800.0,15000.0,15200.0,15400.0,15600.0,15800.0,16000.0,16200.0,16400.0
Peshawar,School Fee,Education,2023,3200.0,3200.0,3200.0,3300.0,3300.0,3300.0,3400.0,3400.0,3400.0,3500.0,3500.0,3500.0
Peshawar,Medicine,Health,2023,500.0,506.0,512.0,518.0,524.0,530.0,536.0,542.0,548.0,554.0,560.0,566.0
Peshawar,Bus Fare,Transport,2023,32.0,32.0,37.0,37.0,37.0,42.0,42.0,42.0,47.0,47.0,47.0,47.0
Quetta,Wheat Flour,Food,2023,88.0,89.0,90.5,92.5,94.0,94.5,95.0,94.5,95.5,97.0,98.5,100.0
Quetta,Rice Basmati,Food,2023,125.0,127.0,129.0,131.0,133.0,134.0,135.0,136.0,138.0,140.0,142.0,144.0
Quetta,Sugar,Food,2023,99.5,101.5,104.5,106.5,108.5,109.5,108.5,107.5,108.5,110.5,112.5,114.5
Quetta,Cooking Oil,Food,2023,366.0,369.0,372.0,374.0,376.0,374.0,372.0,370.0,372.0,376.0,380.0,384.0
Quetta,Milk Fresh,Food,2023,116.0,118.0,120.0,122.0,124.0,125.0,124.0,123.0,124.0,126.0,128.0,130.0
Quetta,Chicken,Food,2023,305.0,309.0,313.0,317.0,321.0,319.0,317.0,319.0,323.0,327.0,331.0,335.0
Quetta,Onion,Food,2023,35.0,38.0,41.0,45.0,50.0,55.0,52.0,47.0,43.0,39.0,35.0,32.0
Quetta,Tomato,Food,2023,48.0,53.0,58.0,65.0,73.0,81.0,77.0,71.0,65.0,58.0,51.0,45.0
Quetta,Electricity,Energy,2023,19.0,19.5,20.0,20.5,21.5,23.5,25.5,26.5,25.5,24.5,23.5,22.5
Quetta,Gas,Energy,2023,11.0,11.5,12.0,12.5,13.0,13.5,14.0,14.0,13.5,13.0,12.5,12.0
Quetta,Petrol,Energy,2023,199.0,197.0,195.0,197.0,202.0,212.0,222.0,227.0,232.0,237.0,242.0,247.0
Quetta,Diesel,Energy,2023,183.0,181.0,179.0,181.0,186.0,196.0,206.0,211.0,216.0,221.0,226.0,231.0
Quetta,Cotton Cloth,Clothing,2023,224.0,227.0,230.0,234.0,238.0,242.0,246.0,250.0,254.0,258.0,262.0,266.0
Quetta,Shoes,Clothing,2023,893.0,901.0,909.0,917.0,925.0,933.0,941.0,949.0,957.0,965.0,973.0,981.0
Quetta,House Rent,Housing,2023,13200.0,13400.0,13600.0,13800.0,14000.0,14200.0,14400.0,14600.0,14800.0,15000.0,15200.0,15400.0
Quetta,School Fee,Education,2023,3100.0,3100.0,3100.0,3200.0,3200.0,3200.0,3300.0,3300.0,3300.0,3400.0,3400.0,3400.0
Quetta,Medicine,Health,2023,495.0,501.0,507.0,513.0,519.0,525.0,531.0,537.0,543.0,549.0,555.0,561.0
Quetta,Bus Fare,Transport,2023,30.0,30.0,35.0,35.0,35.0,40.0,40.0,40.0,45.0,45.0,45.0,45.0
Karachi,Wheat Flour,Food,2024,103.5,105.0,107.0,109.0,111.0,112.0,113.0,112.0,113.0,115.0,117.0,119.0
Karachi,Rice Basmati,Food,2024,150.0,153.0,156.0,159.0,162.0,164.0,166.0,168.0,170.0,173.0,176.0,179.0
Karachi,Sugar,Food,2024,120.0,123.0,126.0,128.0,130.0,131.0,130.0,129.0,130.0,132.0,134.0,136.0
Karachi,Cooking Oil,Food,2024,392.0,396.0,400.0,404.0,408.0,406.0,404.0,402.0,404.0,408.0,412.0,416.0
Karachi,Milk Fresh,Food,2024,138.0,141.0,144.0,147.0,150.0,152.0,150.0,148.0,150.0,153.0,156.0,159.0
Karachi,Chicken,Food,2024,350.0,355.0,360.0,365.0,370.0,368.0,366.0,368.0,372.0,377.0,382.0,387.0
Karachi,Onion,Food,2024,35.0,38.0,42.0,48.0,55.0,62.0,58.0,52.0,46.0,40.0,35.0,31.0
Karachi,Tomato,Food,2024,48.0,54.0,60.0,68.0,78.0,88.0,84.0,77.0,68.0,60.0,52.0,45.0
Karachi,Electricity,Energy,2024,24.5,25.5,26.5,27.5,29.0,31.5,34.0,35.0,33.5,32.0,30.5,29.0
Karachi,Gas,Energy,2024,14.0,14.5,15.0,15.5,16.5,17.5,18.5,18.5,17.5,16.5,15.5,14.5
Karachi,Petrol,Energy,2024,252.0,255.0,258.0,255.0,252.0,248.0,244.0,242.0,245.0,250.0,255.0,260.0
Karachi,Diesel,Energy,2024,237.0,240.0,243.0,240.0,237.0,233.0,229.0,227.0,230.0,235.0,240.0,245.0
Karachi,Cotton Cloth,Clothing,2024,275.0,280.0,285.0,290.0,295.0,300.0,305.0,310.0,315.0,320.0,325.0,330.0
Karachi,Shoes,Clothing,2024,1005.0,1015.0,1025.0,1035.0,1045.0,1055.0,1065.0,1075.0,1085.0,1095.0,1105.0,1115.0
Karachi,House Rent,Housing,2024,18600.0,18900.0,19200.0,19500.0,19800.0,20100.0,20400.0,20700.0,21000.0,21300.0,21600.0,21900.0
Karachi,School Fee,Education,2024,3800.0,3800.0,3800.0,3900.0,3900.0,3900.0,4000.0,4000.0,4000.0,4100.0,4100.0,4100.0
Karachi,Medicine,Health,2024,580.0,587.0,594.0,601.0,608.0,615.0,622.0,629.0,636.0,643.0,650.0,657.0
Karachi,Bus Fare,Transport,2024,50.0,50.0,55.0,55.0,55.0,60.0,60.0,60.0,65.0,65.0,65.0,65.0
Lahore,Wheat Flour,Food,2024,104.0,105.5,107.5,109.5,111.5,112.5,113.5,112.5,113.5,115.5,117.5,119.5
Lahore,Rice Basmati,Food,2024,149.0,152.0,155.0,158.0,161.0,163.0,165.0,167.0,169.0,172.0,175.0,178.0
Lahore,Sugar,Food,2024,119.0,122.0,125.0,127.0,129.0,130.0,129.0,128.0,129.0,131.0,133.0,135.0
Lahore,Cooking Oil,Food,2024,390.0,394.0,398.0,402.0,406.0,404.0,402.0,400.0,402.0,406.0,410.0,414.0
Lahore,Milk Fresh,Food,2024,136.0,139.0,142.0,145.0,148.0,150.0,148.0,146.0,148.0,151.0,154.0,157.0
Lahore,Chicken,Food,2024,344.0,349.0,354.0,359.0,364.0,362.0,360.0,362.0,366.0,371.0,376.0,381.0
Lahore,Onion,Food,2024,33.0,36.0,40.0,46.0,53.0,60.0,56.0,50.0,44.0,38.0,33.0,29.0
Lahore,Tomato,Food,2024,46.0,52.0,58.0,66.0,76.0,86.0,82.0,75.0,66.0,58.0,50.0,43.0
Lahore,Electricity,Energy,2024,24.0,25.0,26.0,27.0,28.5,31.0,33.5,34.5,33.0,31.5,30.0,28.5
Lahore,Gas,Energy,2024,13.5,14.0,14.5,15.0,16.0,17.0,18.0,18.0,17.0,16.0,15.0,14.0
Lahore,Petrol,Energy,2024,251.0,254.0,257.0,254.0,251.0,247.0,243.0,241.0,244.0,249.0,254.0,259.0
Lahore,Diesel,Energy,2024,235.0,238.0,241.0,238.0,235.0,231.0,227.0,225.0,228.0,233.0,238.0,243.0
Lahore,Cotton Cloth,Clothing,2024,272.0,277.0,282.0,287.0,292.0,297.0,302.0,307.0,312.0,317.0,322.0,327.0
Lahore,Shoes,Clothing,2024,998.0,1008.0,1018.0,1028.0,1038.0,1048.0,1058.0,1068.0,1078.0,1088.0,1098.0,1108.0
Lahore,House Rent,Housing,2024,18100.0,18400.0,18700.0,19000.0,19300.0,19600.0,19900.0,20200.0,20500.0,20800.0,21100.0,21400.0
Lahore,School Fee,Education,2024,3700.0,3700.0,3700.0,3800.0,3800.0,3800.0,3900.0,3900.0,3900.0,4000.0,4000.0,4000.0
Lahore,Medicine,Health,2024,574.0,581.0,588.0,595.0,602.0,609.0,616.0,623.0,630.0,637.0,644.0,651.0
Lahore,Bus Fare,Transport,2024,48.0,48.0,53.0,53.0,53.0,58.0,58.0,58.0,63.0,63.0,63.0,63.0
Islamabad,Wheat Flour,Food,2024,104.5,106.0,108.0,110.0,112.0,113.0,114.0,113.0,114.0,116.0,118.0,120.0
Islamabad,Rice Basmati,Food,2024,149.5,152.5,155.5,158.5,161.5,163.5,165.5,167.5,169.5,172.5,175.5,178.5
Islamabad,Sugar,Food,2024,119.5,122.5,125.5,127.5,129.5,130.5,129.5,128.5,129.5,131.5,133.5,135.5
Islamabad,Cooking Oil,Food,2024,391.0,395.0,399.0,403.0,407.0,405.0,403.0,401.0,403.0,407.0,411.0,415.0
Islamabad,Milk Fresh,Food,2024,137.0,140.0,143.0,146.0,149.0,151.0,149.0,147.0,149.0,152.0,155.0,158.0
Islamabad,Chicken,Food,2024,347.0,352.0,357.0,362.0,367.0,365.0,363.0,365.0,369.0,374.0,379.0,384.0
Islamabad,Onion,Food,2024,34.0,37.0,41.0,47.0,54.0,61.0,57.0,51.0,45.0,39.0,34.0,30.0
Islamabad,Tomato,Food,2024,47.0,53.0,59.0,67.0,77.0,87.0,83.0,76.0,67.0,59.0,51.0,44.0
Islamabad,Electricity,Energy,2024,24.3,25.3,26.3,27.3,28.8,31.3,33.8,34.8,33.3,31.8,30.3,28.8
Islamabad,Gas,Energy,2024,13.8,14.3,14.8,15.3,16.3,17.3,18.3,18.3,17.3,16.3,15.3,14.3
Islamabad,Petrol,Energy,2024,251.5,254.5,257.5,254.5,251.5,247.5,243.5,241.5,244.5,249.5,254.5,259.5
Islamabad,Diesel,Energy,2024,236.0,239.0,242.0,239.0,236.0,232.0,228.0,226.0,229.0,234.0,239.0,244.0
Islamabad,Cotton Cloth,Clothing,2024,273.0,278.0,283.0,288.0,293.0,298.0,303.0,308.0,313.0,318.0,323.0,328.0
Islamabad,Shoes,Clothing,2024,1000.0,1010.0,1020.0,1030.0,1040.0,1050.0,1060.0,1070.0,1080.0,1090.0,1100.0,1110.0
Islamabad,House Rent,Housing,2024,19600.0,19900.0,20200.0,20500.0,20800.0,21100.0,21400.0,21700.0,22000.0,22300.0,22600.0,22900.0
Islamabad,School Fee,Education,2024,3900.0,3900.0,3900.0,4000.0,4000.0,4000.0,4100.0,4100.0,4100.0,4200.0,4200.0,4200.0
Islamabad,Medicine,Health,2024,577.0,584.0,591.0,598.0,605.0,612.0,619.0,626.0,633.0,640.0,647.0,654.0
Islamabad,Bus Fare,Transport,2024,49.0,49.0,54.0,54.0,54.0,59.0,59.0,59.0,64.0,64.0,64.0,64.0
Peshawar,Wheat Flour,Food,2024,103.0,104.5,106.5,108.5,110.5,111.5,112.5,111.5,112.5,114.5,116.5,118.5
Peshawar,Rice Basmati,Food,2024,148.0,151.0,154.0,157.0,160.0,162.0,164.0,166.0,168.0,171.0,174.0,177.0
Peshawar,Sugar,Food,2024,118.5,121.5,124.5,126.5,128.5,129.5,128.5,127.5,128.5,130.5,132.5,134.5
Peshawar,Cooking Oil,Food,2024,388.0,392.0,396.0,400.0,404.0,402.0,400.0,398.0,400.0,404.0,408.0,412.0
Peshawar,Milk Fresh,Food,2024,134.0,137.0,140.0,143.0,146.0,148.0,146.0,144.0,146.0,149.0,152.0,155.0
Peshawar,Chicken,Food,2024,341.0,346.0,351.0,356.0,361.0,359.0,357.0,359.0,363.0,368.0,373.0,378.0
Peshawar,Onion,Food,2024,31.0,34.0,38.0,44.0,51.0,58.0,54.0,48.0,42.0,36.0,31.0,27.0
Peshawar,Tomato,Food,2024,44.0,50.0,56.0,64.0,74.0,84.0,80.0,73.0,64.0,56.0,48.0,41.0
Peshawar,Electricity,Energy,2024,23.5,24.5,25.5,26.5,28.0,30.5,33.0,34.0,32.5,31.0,29.5,28.0
Peshawar,Gas,Energy,2024,13.0,13.5,14.0,14.5,15.5,16.5,17.5,17.5,16.5,15.5,14.5,13.5
Peshawar,Petrol,Energy,2024,250.0,253.0,256.0,253.0,250.0,246.0,242.0,240.0,243.0,248.0,253.0,258.0
Peshawar,Diesel,Energy,2024,234.0,237.0,240.0,237.0,234.0,230.0,226.0,224.0,227.0,232.0,237.0,242.0
Peshawar,Cotton Cloth,Clothing,2024,270.0,275.0,280.0,285.0,290.0,295.0,300.0,305.0,310.0,315.0,320.0,325.0
Peshawar,Shoes,Clothing,2024,990.0,1000.0,1010.0,1020.0,1030.0,1040.0,1050.0,1060.0,1070.0,1080.0,1090.0,1100.0
Peshawar,House Rent,Housing,2024,16600.0,16900.0,17200.0,17500.0,17800.0,18100.0,18400.0,18700.0,19000.0,19300.0,19600.0,19900.0
Peshawar,School Fee,Education,2024,3600.0,3600.0,3600.0,3700.0,3700.0,3700.0,3800.0,3800.0,3800.0,3900.0,3900.0,3900.0
Peshawar,Medicine,Health,2024,570.0,577.0,584.0,591.0,598.0,605.0,612.0,619.0,626.0,633.0,640.0,647.0
Peshawar,Bus Fare,Transport,2024,47.0,47.0,52.0,52.0,52.0,57.0,57.0,57.0,62.0,62.0,62.0,62.0
Quetta,Wheat Flour,Food,2024,101.0,102.5,104.5,106.5,108.5,109.5,110.5,109.5,110.5,112.5,114.5,116.5
Quetta,Rice Basmati,Food,2024,146.0,149.0,152.0,155.0,158.0,160.0,162.0,164.0,166.0,169.0,172.0,175.0
Quetta,Sugar,Food,2024,116.5,119.5,122.5,124.5,126.5,127.5,126.5,125.5,126.5,128.5,130.5,132.5
Quetta,Cooking Oil,Food,2024,386.0,390.0,394.0,398.0,402.0,400.0,398.0,396.0,398.0,402.0,406.0,410.0
Quetta,Milk Fresh,Food,2024,132.0,135.0,138.0,141.0,144.0,146.0,144.0,142.0,144.0,147.0,150.0,153.0
Quetta,Chicken,Food,2024,337.0,342.0,347.0,352.0,357.0,355.0,353.0,355.0,359.0,364.0,369.0,374.0
Quetta,Onion,Food,2024,29.0,32.0,36.0,42.0,49.0,56.0,52.0,46.0,40.0,34.0,29.0,25.0
Quetta,Tomato,Food,2024,42.0,48.0,54.0,62.0,72.0,82.0,78.0,71.0,62.0,54.0,46.0,39.0
Quetta,Electricity,Energy,2024,23.0,24.0,25.0,26.0,27.5,30.0,32.5,33.5,32.0,30.5,29.0,27.5
Quetta,Gas,Energy,2024,12.5,13.0,13.5,14.0,15.0,16.0,17.0,17.0,16.0,15.0,14.0,13.0
Quetta,Petrol,Energy,2024,249.0,252.0,255.0,252.0,249.0,245.0,241.0,239.0,242.0,247.0,252.0,257.0
Quetta,Diesel,Energy,2024,233.0,236.0,239.0,236.0,233.0,229.0,225.0,223.0,226.0,231.0,236.0,241.0
Quetta,Cotton Cloth,Clothing,2024,268.0,273.0,278.0,283.0,288.0,293.0,298.0,303.0,308.0,313.0,318.0,323.0
Quetta,Shoes,Clothing,2024,985.0,995.0,1005.0,1015.0,1025.0,1035.0,1045.0,1055.0,1065.0,1075.0,1085.0,1095.0
Quetta,House Rent,Housing,2024,15600.0,15900.0,16200.0,16500.0,16800.0,17100.0,17400.0,17700.0,18000.0,18300.0,18600.0,18900.0
Quetta,School Fee,Education,2024,3500.0,3500.0,3500.0,3600.0,3600.0,3600.0,3700.0,3700.0,3700.0,3800.0,3800.0,3800.0
Quetta,Medicine,Health,2024,565.0,572.0,579.0,586.0,593.0,600.0,607.0,614.0,621.0,628.0,635.0,642.0
Quetta,Bus Fare,Transport,2024,45.0,45.0,50.0,50.0,50.0,55.0,55.0,55.0,60.0,60.0,60.0,60.0
Karachi,Wheat,Food,2022,196.67,194.38,191.69,182.77,185.99,193.63,196.87,199.51,195.04,195.16,186.75,167.27
Karachi,Wheat,Food,2023,262.22,259.18,255.59,243.7,247.99,258.17,262.49,266.01,260.05,260.21,249.0,223.03
Karachi,Wheat,Food,2024,326.42,310.16,294.2,307.68,329.71,337.85,353.21,361.14,356.75,362.34,363.86,341.49
Lahore,Wheat,Food,2022,174.6,168.34,174.18,175.88,176.05,186.92,192.6,195.81,190.57,182.8,177.93,168.87
Lahore,Wheat,Food,2023,232.8,224.45,232.24,234.51,234.73,249.22,256.8,261.08,254.09,243.74,237.24,225.16
Lahore,Wheat,Food,2024,257.82,252.54,250.74,257.43,272.32,278.69,298.34,321.92,309.6,307.54,295.43,288.46
Islamabad,Wheat,Food,2022,198.1,198.07,189.28,194.8,205.48,211.37,226.87,246.61,240.45,234.5,212.71,194.65
Islamabad,Wheat,Food,2023,264.13,264.09,252.38,259.73,273.98,281.83,302.49,328.81,320.6,312.66,283.61,259.53
Islamabad,Wheat,Food,2024,303.15,300.02,305.94,317.41,322.91,357.11,373.43,387.66,384.46,389.95,375.33,337.59
Peshawar,Wheat,Food,2022,175.94,174.01,176.09,177.09,186.57,190.98,207.66,209.27,211.88,218.78,215.31,200.54
Peshawar,Wheat,Food,2023,234.59,232.01,234.79,236.12,248.76,254.64,276.88,279.03,282.51,291.71,287.08,267.39
Peshawar,Wheat,Food,2024,267.5,252.11,253.98,265.65,267.32,277.91,285.25,292.07,290.37,291.79,274.14,268.42
Quetta,Wheat,Food,2022,192.9,192.57,194.18,198.83,208.98,216.94,228.63,236.5,222.89,213.34,200.76,195.72
Quetta,Wheat,Food,2023,257.2,256.76,258.91,265.11,278.64,289.26,304.84,315.33,297.19,284.46,267.68,260.96
Quetta,Wheat,Food,2024,296.13,282.52,284.65,291.89,307.28,331.49,345.31,351.77,345.63,331.07,307.33,296.49
Karachi,Beef,Food,2022,181.34,180.16,172.96,177.29,185.04,192.23,205.55,211.33,230.55,219.34,211.37,198.88
Karachi,Beef,Food,2023,241.79,240.21,230.62,236.39,246.72,256.31,274.07,281.78,307.4,292.45,281.83,265.17
Karachi,Beef,Food,2024,269.51,259.71,268.82,288.62,320.51,320.07,339.25,350.5,358.46,349.08,337.73,318.57
Lahore,Beef,Food,2022,183.35,188.62,191.17,195.32,191.12,208.57,220.85,232.9,229.6,214.47,209.48,193.3
Lahore,Beef,Food,2023,244.47,251.5,254.89,260.42,254.83,278.09,294.47,310.53,306.14,285.96,279.3,257.74
Lahore,Beef,Food,2024,273.26,263.58,254.56,256.41,273.28,292.07,333.88,345.68,343.65,325.76,317.51,305.01
Islamabad,Beef,Food,2022,167.81,162.59,156.58,155.74,160.3,177.23,189.57,199.66,210.28,196.39,198.9,199.95
Islamabad,Beef,Food,2023,223.75,216.79,208.77,207.66,213.74,236.3,252.76,266.21,280.37,261.85,265.2,266.6
Islamabad,Beef,Food,2024,260.62,245.63,253.92,257.88,262.25,277.74,278.42,304.67,307.38,303.08,279.86,271.64
Peshawar,Beef,Food,2022,179.9,176.24,176.07,179.24,184.23,190.61,201.17,204.32,211.33,206.82,198.44,197.92
Peshawar,Beef,Food,2023,239.86,234.99,234.76,238.98,245.64,254.15,268.22,272.43,281.78,275.76,264.59,263.89
Peshawar,Beef,Food,2024,287.27,270.28,260.78,270.49,280.75,301.79,314.12,316.51,322.26,323.21,324.87,306.64
Quetta,Beef,Food,2022,162.78,163.77,164.8,162.01,162.93,170.13,177.01,184.2,188.08,186.02,167.64,152.97
Quetta,Beef,Food,2023,217.04,218.36,219.73,216.01,217.24,226.84,236.01,245.6,250.77,248.02,223.52,203.96
Quetta,Beef,Food,2024,266.66,265.74,267.5,270.22,292.1,307.19,331.0,352.94,364.46,348.9,334.38,323.89
Karachi,Mutton,Food,2022,122.27,109.6,105.54,105.26,111.97,114.76,117.5,121.01,124.19,119.32,114.97,107.31
Karachi,Mutton,Food,2023,163.03,146.13,140.72,140.34,149.29,153.01,156.66,161.35,165.59,159.09,153.29,143.08
Karachi,Mutton,Food,2024,181.55,181.97,185.74,191.26,192.9,195.94,210.25,222.63,217.99,210.1,199.42,189.38
Lahore,Mutton,Food,2022,142.22,137.3,129.47,137.81,149.06,158.94,159.85,168.8,166.33,167.32,154.1,142.1
Lahore,Mutton,Food,2023,189.63,183.06,172.63,183.75,198.74,211.92,213.14,225.07,221.77,223.1,205.46,189.46
Lahore,Mutton,Food,2024,235.87,226.94,236.61,247.78,266.02,281.97,289.98,295.5,297.82,295.97,268.1,262.31
Islamabad,Mutton,Food,2022,132.9,128.44,125.19,127.16,128.47,130.41,136.64,138.33,138.23,131.64,128.83,116.97
Islamabad,Mutton,Food,2023,177.2,171.25,166.92,169.54,171.29,173.88,182.19,184.44,184.3,175.52,171.77,155.96
Islamabad,Mutton,Food,2024,192.11,189.73,189.64,190.19,193.2,203.33,205.89,202.14,199.84,196.2,180.86,177.8
Peshawar,Mutton,Food,2022,143.93,141.06,145.81,152.66,155.88,165.98,173.09,176.86,175.19,177.46,163.38,155.01
Peshawar,Mutton,Food,2023,191.9,188.08,194.41,203.55,207.84,221.3,230.79,235.82,233.59,236.62,217.84,206.68
Peshawar,Mutton,Food,2024,227.26,227.31,221.39,229.7,231.6,242.41,243.31,245.28,259.33,246.9,230.56,219.03
Quetta,Mutton,Food,2022,138.11,136.37,134.4,127.63,135.26,140.82,148.27,146.36,149.22,149.77,144.62,137.96
Quetta,Mutton,Food,2023,184.15,181.83,179.2,170.17,180.34,187.76,197.69,195.15,198.96,199.7,192.83,183.95
Quetta,Mutton,Food,2024,200.13,196.85,191.29,204.88,214.75,221.12,244.95,245.77,248.31,239.57,231.59,220.46
Karachi,Fish,Food,2022,149.29,148.99,145.85,149.34,156.78,170.94,183.92,184.27,187.34,180.43,174.44,163.04
Karachi,Fish,Food,2023,199.05,198.65,194.47,199.12,209.04,227.92,245.23,245.7,249.79,240.57,232.58,217.38
Karachi,Fish,Food,2024,232.73,230.15,230.66,231.31,230.59,252.36,266.44,286.22,288.62,284.85,264.5,240.4
Lahore,Fish,Food,2022,139.76,131.27,134.48,133.4,138.98,143.56,145.24,147.42,152.99,154.05,141.82,130.64
Lahore,Fish,Food,2023,186.35,175.03,179.31,177.87,185.3,191.41,193.65,196.56,203.99,205.4,189.1,174.18
Lahore,Fish,Food,2024,225.32,220.15,220.26,217.74,226.99,232.26,239.55,239.84,250.13,238.72,233.11,225.21
Islamabad,Fish,Food,2022,129.73,126.22,125.62,124.25,132.38,144.58,144.74,150.17,147.28,140.84,132.21,128.08
Islamabad,Fish,Food,2023,172.98,168.29,167.5,165.67,176.5,192.78,192.99,200.23,196.37,187.79,176.28,170.78
Islamabad,Fish,Food,2024,196.82,195.1,199.36,195.71,207.49,224.26,232.28,235.58,227.34,220.95,212.14,195.05
Peshawar,Fish,Food,2022,152.42,150.52,152.62,158.16,161.87,170.57,183.25,189.64,194.04,180.56,167.1,154.7
Peshawar,Fish,Food,2023,203.23,200.7,203.49,210.88,215.83,227.43,244.33,252.85,258.72,240.74,222.8,206.27
Peshawar,Fish,Food,2024,233.38,224.29,225.14,224.06,235.24,250.35,263.78,279.66,282.5,279.26,267.22,254.52
Quetta,Fish,Food,2022,144.77,144.96,147.81,152.27,166.1,172.6,182.95,178.42,182.52,179.38,169.1,161.14
Quetta,Fish,Food,2023,193.03,193.28,197.08,203.02,221.46,230.13,243.93,237.9,243.36,239.18,225.47,214.85
Quetta,Fish,Food,2024,209.95,199.95,203.36,205.07,223.79,237.05,243.04,246.55,262.4,257.13,244.93,234.51
Karachi,Eggs,Food,2022,168.15,174.28,168.44,179.71,184.05,200.15,204.84,198.42,196.51,189.08,184.6,175.21
Karachi,Eggs,Food,2023,224.2,232.38,224.59,239.61,245.4,266.87,273.12,264.56,262.01,252.1,246.14,233.61
Karachi,Eggs,Food,2024,271.44,263.55,262.33,265.28,272.76,284.32,303.84,321.29,323.5,313.81,302.25,283.95
Lahore,Eggs,Food,2022,182.4,177.59,175.7,177.12,182.05,189.12,196.11,196.64,192.35,187.16,176.67,173.48
Lahore,Eggs,Food,2023,243.2,236.79,234.26,236.16,242.73,252.16,261.48,262.18,256.47,249.54,235.56,231.31
Lahore,Eggs,Food,2024,263.76,248.04,245.45,256.73,273.27,281.5,307.55,314.53,315.11,310.73,303.79,297.9
Islamabad,Eggs,Food,2022,163.98,157.04,155.64,157.49,168.41,177.57,185.36,191.03,192.57,179.86,169.11,169.36
Islamabad,Eggs,Food,2023,218.64,209.38,207.52,209.99,224.55,236.76,247.14,254.71,256.76,239.82,225.48,225.82
Islamabad,Eggs,Food,2024,245.82,237.66,240.03,253.5,268.55,292.53,302.07,312.99,305.81,292.94,287.79,278.36
Peshawar,Eggs,Food,2022,159.2,157.27,155.72,161.22,169.73,176.12,179.5,186.56,180.26,180.02,167.56,160.27
Peshawar,Eggs,Food,2023,212.26,209.7,207.63,214.96,226.3,234.82,239.34,248.74,240.34,240.02,223.41,213.7
Peshawar,Eggs,Food,2024,246.73,237.28,234.82,258.37,274.83,296.19,307.79,321.68,310.68,310.79,304.94,295.38
Quetta,Eggs,Food,2022,160.82,160.52,161.2,164.14,169.97,179.27,183.01,180.97,185.76,184.4,186.09,176.56
Quetta,Eggs,Food,2023,214.43,214.02,214.93,218.86,226.63,239.03,244.01,241.29,247.68,245.86,248.12,235.41
Quetta,Eggs,Food,2024,245.82,239.1,243.21,242.13,251.05,264.04,275.59,288.23,291.72,280.34,271.16,252.66
Karachi,Milk Powder,Food,2022,155.51,149.03,148.76,156.08,160.04,164.66,168.88,171.24,171.11,169.93,154.52,151.41
Karachi,Milk Powder,Food,2023,207.35,198.71,198.34,208.11,213.38,219.55,225.17,228.32,228.15,226.57,206.02,201.88
Karachi,Milk Powder,Food,2024,233.3,230.74,236.16,233.94,240.5,254.26,263.2,266.68,270.39,261.39,246.38,228.69
Lahore,Milk Powder,Food,2022,151.76,146.44,149.62,156.16,170.16,178.17,186.19,194.29,197.43,194.39,189.1,183.24
Lahore,Milk Powder,Food,2023,202.35,195.26,199.49,208.21,226.88,237.56,248.25,259.05,263.24,259.19,252.13,244.32
Lahore,Milk Powder,Food,2024,218.74,217.06,218.72,225.0,235.19,243.6,240.43,250.12,241.5,248.12,247.24,233.58
Islamabad,Milk Powder,Food,2022,152.38,153.52,153.67,149.67,156.74,167.15,175.12,178.04,176.02,169.05,168.08,154.0
Islamabad,Milk Powder,Food,2023,203.17,204.69,204.89,199.56,208.99,222.87,233.5,237.39,234.7,225.4,224.1,205.33
Islamabad,Milk Powder,Food,2024,227.36,213.97,220.33,230.7,245.55,263.52,270.61,275.87,279.61,273.77,269.29,236.73
Peshawar,Milk Powder,Food,2022,150.1,147.07,148.87,151.04,158.23,169.7,177.93,190.15,191.85,190.76,181.7,177.21
Peshawar,Milk Powder,Food,2023,200.14,196.09,198.49,201.39,210.97,226.27,237.24,253.53,255.8,254.34,242.26,236.28
Peshawar,Milk Powder,Food,2024,221.84,217.04,210.7,215.97,227.01,239.94,240.32,241.47,232.42,221.11,205.03,197.39
Quetta,Milk Powder,Food,2022,149.22,146.02,153.28,155.2,160.43,156.2,171.57,174.31,166.62,161.29,151.87,148.71
Quetta,Milk Powder,Food,2023,198.96,194.69,204.38,206.93,213.91,208.27,228.76,232.41,222.16,215.05,202.49,198.28
Quetta,Milk Powder,Food,2024,218.65,205.0,203.13,209.72,228.05,244.5,264.0,265.45,258.74,244.01,224.87,214.91
Karachi,Butter,Food,2022,175.62,172.66,169.96,177.67,180.59,188.46,203.5,203.41,210.24,190.75,187.68,177.28
Karachi,Butter,Food,2023,234.16,230.22,226.61,236.89,240.79,251.28,271.33,271.21,280.32,254.33,250.24,236.37
Karachi,Butter,Food,2024,274.49,263.13,270.08,277.53,287.41,298.67,299.98,312.14,310.37,298.19,291.41,272.05
Lahore,Butter,Food,2022,172.84,168.58,174.1,182.32,193.71,204.01,210.73,216.05,223.36,220.53,213.22,208.96
Lahore,Butter,Food,2023,230.46,224.77,232.13,243.1,258.28,272.01,280.97,288.07,297.81,294.04,284.29,278.61
Lahore,Butter,Food,2024,251.09,239.19,233.42,243.39,262.89,275.67,275.26,282.91,283.45,276.08,253.27,239.12
Islamabad,Butter,Food,2022,172.76,165.72,157.49,160.68,165.52,178.62,191.14,191.72,193.37,186.5,180.72,172.41
Islamabad,Butter,Food,2023,230.34,220.96,209.99,214.24,220.69,238.16,254.85,255.63,257.83,248.66,240.96,229.88
Islamabad,Butter,Food,2024,284.58,281.81,293.01,303.07,306.54,319.25,323.27,320.95,314.11,310.89,289.06,278.85
Peshawar,Butter,Food,2022,156.2,148.08,147.58,147.29,152.8,164.31,172.74,180.97,182.02,175.82,162.7,158.99
Peshawar,Butter,Food,2023,208.26,197.44,196.77,196.39,203.73,219.08,230.32,241.29,242.69,234.43,216.93,211.99
Peshawar,Butter,Food,2024,233.8,232.73,238.3,233.57,244.57,245.05,265.95,274.13,260.61,249.91,241.03,233.6
Quetta,Butter,Food,2022,175.22,169.7,173.62,177.58,188.44,193.01,203.26,213.98,219.03,214.07,200.83,197.02
Quetta,Butter,Food,2023,233.62,226.27,231.5,236.77,251.25,257.35,271.01,285.31,292.04,285.43,267.78,262.69
Quetta,Butter,Food,2024,255.1,246.07,241.04,241.38,254.65,253.78,265.16,279.37,282.39,266.9,253.88,235.8
Karachi,Bread,Food,2022,108.37,104.98,98.71,96.07,98.86,106.45,112.55,113.13,117.7,115.67,113.12,100.48
Karachi,Bread,Food,2023,144.49,139.97,131.61,128.1,131.81,141.93,150.07,150.84,156.94,154.23,150.83,133.97
Karachi,Bread,Food,2024,177.1,166.65,168.83,172.6,176.58,187.72,194.31,197.02,198.19,201.07,189.1,182.56
Lahore,Bread,Food,2022,102.59,100.34,102.19,106.3,114.02,117.18,122.14,129.7,129.34,126.82,118.19,108.44
Lahore,Bread,Food,2023,136.79,133.79,136.25,141.73,152.03,156.24,162.85,172.93,172.46,169.1,157.59,144.59
Lahore,Bread,Food,2024,158.01,157.45,154.3,153.31,157.11,164.63,171.75,174.59,172.46,169.46,160.86,146.12
Islamabad,Bread,Food,2022,107.42,107.24,109.21,114.33,120.73,126.94,126.31,127.38,121.51,119.18,112.9,105.2
Islamabad,Bread,Food,2023,143.22,142.99,145.61,152.44,160.97,169.25,168.41,169.84,162.01,158.91,150.53,140.27
Islamabad,Bread,Food,2024,156.22,158.52,156.75,154.87,162.76,177.81,183.67,196.99,190.99,187.22,181.98,174.98
Peshawar,Bread,Food,2022,116.31,115.22,115.78,118.52,121.43,128.05,131.66,133.58,133.96,130.55,125.56,121.34
Peshawar,Bread,Food,2023,155.08,153.62,154.38,158.02,161.9,170.73,175.54,178.11,178.62,174.06,167.42,161.78
Peshawar,Bread,Food,2024,174.07,170.49,166.11,163.94,176.93,183.48,188.31,178.64,178.09,173.92,161.91,149.57
Quetta,Bread,Food,2022,110.71,104.35,106.53,113.26,116.53,123.69,127.23,133.19,135.56,132.98,136.76,130.81
Quetta,Bread,Food,2023,147.61,139.13,142.04,151.01,155.37,164.92,169.64,177.59,180.74,177.31,182.34,174.41
Quetta,Bread,Food,2024,162.41,161.41,152.63,156.11,166.5,179.35,190.05,193.69,201.2,196.72,185.54,179.48
Karachi,Bakery Confectionary,Food,2022,204.69,196.18,193.16,203.26,215.66,230.5,244.91,247.64,243.34,232.42,219.63,205.93
Karachi,Bakery Confectionary,Food,2023,272.92,261.58,257.55,271.02,287.54,307.33,326.54,330.19,324.45,309.89,292.84,274.57
Karachi,Bakery Confectionary,Food,2024,339.21,314.36,317.48,323.91,342.18,360.74,375.38,373.53,393.27,382.38,369.15,365.76
Lahore,Bakery Confectionary,Food,2022,184.51,189.6,183.95,190.42,196.99,213.93,225.89,243.46,241.34,236.76,233.44,212.39
Lahore,Bakery Confectionary,Food,2023,246.01,252.8,245.27,253.9,262.65,285.24,301.19,324.61,321.79,315.68,311.25,283.19
Lahore,Bakery Confectionary,Food,2024,292.74,293.07,295.9,293.85,302.96,325.64,324.31,336.39,338.42,334.57,325.77,313.97
Islamabad,Bakery Confectionary,Food,2022,176.48,173.44,172.3,184.96,197.45,201.31,220.17,225.45,214.42,205.56,198.83,195.17
Islamabad,Bakery Confectionary,Food,2023,235.3,231.25,229.73,246.61,263.27,268.41,293.56,300.6,285.89,274.08,265.11,260.22
Islamabad,Bakery Confectionary,Food,2024,291.62,287.45,281.49,287.29,307.97,308.89,322.46,321.22,316.55,299.31,281.94,258.39
Peshawar,Bakery Confectionary,Food,2022,205.75,194.2,195.12,203.28,215.09,214.58,220.94,230.14,235.58,223.94,213.85,204.71
Peshawar,Bakery Confectionary,Food,2023,274.33,258.94,260.16,271.04,286.79,286.1,294.58,306.85,314.11,298.59,285.13,272.95
Peshawar,Bakery Confectionary,Food,2024,337.97,346.18,350.29,341.17,364.62,361.15,384.61,392.4,413.67,425.91,408.94,380.41
Quetta,Bakery Confectionary,Food,2022,174.82,173.0,176.18,181.55,189.63,205.45,217.67,212.9,210.74,207.41,199.64,188.36
Quetta,Bakery Confectionary,Food,2023,233.1,230.66,234.9,242.07,252.84,273.93,290.22,283.86,280.98,276.54,266.19,251.15
Quetta,Bakery Confectionary,Food,2024,272.66,270.92,268.03,279.9,294.23,317.08,337.28,358.84,358.8,340.1,331.91,332.88
Karachi,Fresh Fruits,Food,2022,146.37,139.82,137.76,136.3,142.23,161.36,175.4,182.59,183.88,173.56,164.05,159.54
Karachi,Fresh Fruits,Food,2023,195.16,186.43,183.68,181.74,189.64,215.15,233.86,243.45,245.17,231.41,218.73,212.72
Karachi,Fresh Fruits,Food,2024,217.62,216.49,234.51,246.98,268.7,284.9,303.13,316.79,309.34,312.86,296.16,280.15
Lahore,Fresh Fruits,Food,2022,159.9,153.99,148.07,154.58,152.08,157.52,162.58,166.58,168.49,168.52,157.96,150.34
Lahore,Fresh Fruits,Food,2023,213.2,205.32,197.43,206.11,202.77,210.03,216.78,222.11,224.65,224.7,210.61,200.45
Lahore,Fresh Fruits,Food,2024,246.08,238.34,238.45,262.87,286.5,317.97,341.43,346.32,337.58,326.16,306.62,291.94
Islamabad,Fresh Fruits,Food,2022,167.34,165.82,168.84,169.11,170.95,175.06,189.31,184.11,183.18,176.67,165.45,162.18
Islamabad,Fresh Fruits,Food,2023,223.12,221.1,225.12,225.48,227.93,233.42,252.41,245.48,244.24,235.56,220.6,216.24
Islamabad,Fresh Fruits,Food,2024,249.3,239.71,242.53,252.25,274.66,288.7,316.36,318.31,315.64,315.35,307.67,285.98
Peshawar,Fresh Fruits,Food,2022,164.85,165.23,168.14,172.23,188.16,197.74,207.83,212.6,211.72,202.78,190.62,180.0
Peshawar,Fresh Fruits,Food,2023,219.8,220.3,224.19,229.64,250.88,263.66,277.11,283.47,282.29,270.37,254.16,240.0
Peshawar,Fresh Fruits,Food,2024,255.35,247.43,257.42,260.97,264.32,277.53,288.24,296.65,286.93,280.94,261.65,256.78
Quetta,Fresh Fruits,Food,2022,155.99,155.06,160.22,170.5,172.39,178.34,177.71,185.42,189.03,179.32,172.57,160.32
Quetta,Fresh Fruits,Food,2023,207.99,206.74,213.62,227.33,229.85,237.79,236.95,247.23,252.04,239.09,230.09,213.76
Quetta,Fresh Fruits,Food,2024,251.92,230.31,229.6,240.39,242.04,244.89,256.24,261.66,259.92,248.56,227.19,212.16
Karachi,Fresh Vegetables,Food,2022,167.54,158.72,160.14,157.52,163.4,179.01,174.7,176.96,175.02,175.94,175.79,174.2
Karachi,Fresh Vegetables,Food,2023,223.39,211.62,213.52,210.02,217.86,238.68,232.94,235.95,233.36,234.58,234.39,232.26
Karachi,Fresh Vegetables,Food,2024,247.67,241.53,230.13,231.13,249.73,269.29,286.84,287.95,273.83,265.65,251.82,242.95
Lahore,Fresh Vegetables,Food,2022,151.66,156.88,154.47,158.25,168.22,176.44,188.0,184.14,182.31,172.18,170.6,162.9
Lahore,Fresh Vegetables,Food,2023,202.21,209.18,205.96,211.0,224.29,235.25,250.67,245.52,243.08,229.58,227.46,217.2
Lahore,Fresh Vegetables,Food,2024,234.93,236.48,228.78,231.45,232.98,235.51,245.42,262.03,267.03,268.42,259.43,254.22
Islamabad,Fresh Vegetables,Food,2022,160.73,155.84,159.88,159.93,170.49,175.91,182.27,192.3,180.6,170.36,171.61,163.22
Islamabad,Fresh Vegetables,Food,2023,214.3,207.78,213.18,213.24,227.32,234.55,243.03,256.4,240.8,227.15,228.81,217.62
Islamabad,Fresh Vegetables,Food,2024,234.42,234.14,235.66,243.11,263.83,281.73,292.19,312.54,318.8,320.04,303.13,270.12
Peshawar,Fresh Vegetables,Food,2022,172.86,172.36,179.61,193.17,197.14,208.91,203.59,208.88,225.4,219.68,201.45,199.52
Peshawar,Fresh Vegetables,Food,2023,230.48,229.82,239.48,257.56,262.86,278.55,271.45,278.51,300.53,292.9,268.6,266.03
Peshawar,Fresh Vegetables,Food,2024,259.91,244.43,251.91,258.64,273.37,298.31,303.66,319.61,323.15,319.72,291.97,275.3
Quetta,Fresh Vegetables,Food,2022,179.2,173.67,172.6,183.41,187.12,202.64,202.04,213.38,206.14,205.04,198.56,184.19
Quetta,Fresh Vegetables,Food,2023,238.93,231.56,230.13,244.55,249.5,270.18,269.39,284.51,274.85,273.38,264.75,245.59
Quetta,Fresh Vegetables,Food,2024,288.43,289.77,304.93,309.33,312.76,338.39,356.57,351.28,375.28,353.56,353.7,331.71
Karachi,Potatoes,Food,2022,129.28,125.04,127.78,130.97,143.18,151.38,158.84,158.25,160.77,152.42,152.5,141.31
Karachi,Potatoes,Food,2023,172.37,166.72,170.37,174.63,190.9,201.84,211.78,211.0,214.36,203.22,203.34,188.41
Karachi,Potatoes,Food,2024,188.18,191.75,189.8,194.54,195.16,203.12,219.69,229.94,222.38,224.82,218.25,201.23
Lahore,Potatoes,Food,2022,132.59,131.48,127.55,133.28,141.27,140.44,146.84,152.03,150.23,146.14,147.13,145.27
Lahore,Potatoes,Food,2023,176.79,175.31,170.07,177.71,188.36,187.26,195.79,202.71,200.3,194.85,196.17,193.7
Lahore,Potatoes,Food,2024,208.96,207.41,205.19,213.63,216.46,229.63,229.29,239.04,232.11,219.53,207.81,190.05
Islamabad,Potatoes,Food,2022,126.77,125.34,127.47,130.84,143.83,148.14,161.96,164.32,166.6,157.06,155.62,150.05
Islamabad,Potatoes,Food,2023,169.02,167.12,169.96,174.46,191.77,197.52,215.95,219.09,222.14,209.42,207.49,200.07
Islamabad,Potatoes,Food,2024,194.46,192.5,182.55,179.25,196.2,198.88,206.17,209.73,209.72,207.34,198.18,186.37
Peshawar,Potatoes,Food,2022,142.55,135.98,128.05,133.26,142.55,149.09,149.63,153.79,151.14,144.67,141.49,134.19
Peshawar,Potatoes,Food,2023,190.07,181.31,170.73,177.68,190.07,198.79,199.51,205.05,201.52,192.89,188.65,178.92
Peshawar,Potatoes,Food,2024,237.42,221.32,221.47,231.59,246.96,252.58,259.44,266.23,269.89,264.59,247.17,230.12
Quetta,Potatoes,Food,2022,132.73,126.08,123.15,127.77,137.85,148.22,156.48,160.76,158.8,148.58,141.52,135.53
Quetta,Potatoes,Food,2023,176.98,168.11,164.2,170.36,183.8,197.62,208.64,214.34,211.73,198.11,188.69,180.71
Quetta,Potatoes,Food,2024,193.88,183.01,182.65,188.94,201.95,213.9,221.28,227.07,225.44,218.43,205.38,196.02
Karachi,Gur,Food,2022,178.19,169.62,168.64,165.44,175.54,183.28,191.42,193.15,193.56,185.6,185.4,173.11
Karachi,Gur,Food,2023,237.59,226.16,224.85,220.58,234.05,244.38,255.22,257.53,258.08,247.46,247.2,230.81
Karachi,Gur,Food,2024,284.33,290.24,293.49,311.89,321.94,329.53,347.16,349.94,334.62,294.48,287.38,277.25
Lahore,Gur,Food,2022,193.12,191.99,194.93,204.13,208.61,214.23,237.98,239.18,228.02,229.5,229.69,220.91
Lahore,Gur,Food,2023,257.49,255.99,259.91,272.17,278.15,285.64,317.3,318.9,304.02,306.0,306.25,294.54
Lahore,Gur,Food,2024,282.53,273.87,278.93,299.23,302.21,324.97,341.56,350.99,351.68,359.33,338.55,331.72
Islamabad,Gur,Food,2022,208.67,196.77,197.93,208.89,223.7,232.87,240.9,256.67,267.2,249.95,241.94,216.11
Islamabad,Gur,Food,2023,278.22,262.36,263.91,278.52,298.26,310.49,321.2,342.22,356.27,333.27,322.58,288.15
Islamabad,Gur,Food,2024,341.22,332.25,320.75,325.24,343.17,366.71,385.02,389.19,387.39,387.56,382.59,347.33
Peshawar,Gur,Food,2022,208.61,192.65,188.32,188.27,197.88,213.5,217.55,220.79,225.77,219.58,219.11,198.23
Peshawar,Gur,Food,2023,278.15,256.87,251.09,251.03,263.84,284.66,290.07,294.39,301.03,292.78,292.15,264.31
Peshawar,Gur,Food,2024,326.18,329.93,342.87,344.36,362.74,372.92,373.24,376.03,394.17,371.01,353.98,335.9
Quetta,Gur,Food,2022,189.03,195.27,203.62,217.09,225.25,233.59,245.22,260.55,262.15,267.38,246.84,222.44
Quetta,Gur,Food,2023,252.04,260.36,271.5,289.45,300.33,311.46,326.96,347.4,349.53,356.5,329.12,296.58
Quetta,Gur,Food,2024,311.73,303.98,321.13,340.16,361.09,375.75,378.67,382.1,389.73,364.32,362.13,337.44
Karachi,Vegetable Ghee,Food,2022,153.06,148.41,143.58,149.9,153.92,159.29,171.19,169.42,163.92,156.7,146.85,139.36
Karachi,Vegetable Ghee,Food,2023,204.08,197.88,191.44,199.87,205.22,212.39,228.25,225.89,218.56,208.93,195.8,185.82
Karachi,Vegetable Ghee,Food,2024,231.59,229.85,229.05,243.15,254.74,270.94,284.25,285.42,277.23,278.01,258.15,247.12
Lahore,Vegetable Ghee,Food,2022,157.7,157.77,155.66,157.73,157.07,161.43,170.58,178.52,180.03,175.29,172.43,164.54
Lahore,Vegetable Ghee,Food,2023,210.27,210.36,207.54,210.31,209.43,215.24,227.44,238.02,240.04,233.72,229.91,219.38
Lahore,Vegetable Ghee,Food,2024,233.4,229.99,230.82,231.7,249.48,279.73,297.04,306.18,313.39,296.0,287.62,270.08
Islamabad,Vegetable Ghee,Food,2022,135.33,129.16,130.15,126.93,132.93,137.0,148.47,153.09,148.9,153.3,148.05,132.46
Islamabad,Vegetable Ghee,Food,2023,180.44,172.21,173.53,169.24,177.24,182.66,197.96,204.12,198.54,204.4,197.4,176.61
Islamabad,Vegetable Ghee,Food,2024,201.24,193.79,198.6,205.1,214.35,229.39,236.41,244.61,254.94,245.9,227.52,218.09
Peshawar,Vegetable Ghee,Food,2022,151.94,152.2,154.74,162.69,169.38,180.46,195.49,203.36,203.26,198.21,179.8,175.32
Peshawar,Vegetable Ghee,Food,2023,202.59,202.93,206.32,216.92,225.84,240.61,260.65,271.14,271.02,264.28,239.74,233.76
Peshawar,Vegetable Ghee,Food,2024,221.58,222.53,226.88,242.26,265.45,274.59,284.91,293.83,287.74,287.31,265.62,260.76
Quetta,Vegetable Ghee,Food,2022,131.86,125.16,124.92,128.32,131.51,136.05,135.28,131.75,135.28,131.77,123.88,112.04
Quetta,Vegetable Ghee,Food,2023,175.82,166.88,166.56,171.1,175.35,181.4,180.38,175.67,180.38,175.69,165.18,149.38
Quetta,Vegetable Ghee,Food,2024,193.15,191.81,195.58,205.02,220.11,234.34,252.39,260.23,248.3,247.25,239.86,233.08
Karachi,Tea,Food,2022,143.06,139.96,139.34,141.78,154.89,170.04,170.69,173.78,177.44,169.64,162.44,155.3
Karachi,Tea,Food,2023,190.74,186.62,185.78,189.04,206.52,226.72,227.59,231.71,236.59,226.19,216.59,207.06
Karachi,Tea,Food,2024,209.73,200.57,193.41,202.7,217.65,238.33,236.29,230.88,231.74,225.9,206.85,194.43
Lahore,Tea,Food,2022,130.63,124.82,132.62,136.95,143.72,148.31,152.5,155.31,161.7,154.09,140.03,128.38
Lahore,Tea,Food,2023,174.17,166.43,176.83,182.6,191.63,197.75,203.33,207.08,215.6,205.45,186.71,171.18
Lahore,Tea,Food,2024,215.97,216.19,207.01,208.09,212.2,221.68,229.66,227.43,228.07,213.99,200.06,190.59
Islamabad,Tea,Food,2022,142.21,132.7,137.36,139.51,145.99,152.6,155.27,160.09,162.88,153.27,145.08,133.42
Islamabad,Tea,Food,2023,189.61,176.94,183.15,186.01,194.65,203.46,207.02,213.45,217.17,204.36,193.44,177.89
Islamabad,Tea,Food,2024,217.65,206.51,194.85,207.87,221.23,234.24,238.72,249.56,252.89,248.11,238.77,223.84
Peshawar,Tea,Food,2022,124.0,121.68,125.39,133.38,140.39,152.75,159.77,171.42,166.08,159.07,150.53,145.9
Peshawar,Tea,Food,2023,165.34,162.24,167.19,177.84,187.19,203.67,213.03,228.56,221.44,212.09,200.71,194.53
Peshawar,Tea,Food,2024,189.75,185.55,193.6,194.96,207.35,205.57,222.66,237.54,238.2,225.47,219.13,209.87
Quetta,Tea,Food,2022,123.58,121.94,123.75,127.24,132.09,141.32,148.75,151.31,156.8,153.09,149.89,144.4
Quetta,Tea,Food,2023,164.78,162.59,165.0,169.65,176.12,188.42,198.33,201.75,209.07,204.12,199.85,192.53
Quetta,Tea,Food,2024,184.95,175.72,166.93,179.72,189.41,201.62,222.51,238.87,243.32,232.68,217.76,199.02
Karachi,Beverages,Food,2022,114.86,110.03,111.65,112.96,121.93,128.23,128.91,132.34,133.65,131.93,126.47,116.24
Karachi,Beverages,Food,2023,153.15,146.71,148.87,150.61,162.57,170.98,171.88,176.45,178.2,175.9,168.63,154.99
Karachi,Beverages,Food,2024,172.63,163.95,161.68,162.13,174.86,193.8,203.06,218.81,216.99,197.6,189.03,184.25
Lahore,Beverages,Food,2022,122.34,119.3,119.08,120.16,125.25,135.05,140.66,149.43,145.69,136.63,138.73,132.32
Lahore,Beverages,Food,2023,163.12,159.07,158.77,160.21,167.0,180.06,187.54,199.24,194.25,182.17,184.97,176.42
Lahore,Beverages,Food,2024,197.1,184.43,183.89,187.63,200.78,215.34,220.35,232.47,229.14,223.69,220.45,212.17
Islamabad,Beverages,Food,2022,118.5,122.71,119.78,126.29,133.35,139.41,143.51,142.43,144.42,147.56,145.5,140.42
Islamabad,Beverages,Food,2023,158.0,163.61,159.71,168.39,177.8,185.88,191.35,189.9,192.56,196.75,194.0,187.23
Islamabad,Beverages,Food,2024,181.13,176.12,169.3,170.27,181.36,200.43,190.12,189.17,190.15,184.92,173.85,169.32
Peshawar,Beverages,Food,2022,123.16,118.56,121.11,118.57,125.34,128.38,136.38,142.56,142.54,135.56,137.56,129.43
Peshawar,Beverages,Food,2023,164.22,158.08,161.48,158.1,167.12,171.17,181.84,190.08,190.05,180.74,183.42,172.57
Peshawar,Beverages,Food,2024,182.19,181.76,181.62,183.32,196.01,207.02,215.46,220.07,212.55,208.27,192.06,177.85
Quetta,Beverages,Food,2022,121.48,121.93,123.33,125.99,130.27,130.13,133.81,140.58,143.18,141.58,128.84,120.4
Quetta,Beverages,Food,2023,161.97,162.57,164.44,167.99,173.69,173.51,178.41,187.44,190.91,188.77,171.79,160.53
Quetta,Beverages,Food,2024,200.06,190.38,188.21,194.65,209.84,214.67,214.78,226.18,226.22,224.4,207.86,191.19
Karachi,Pulses Gram,Food,2022,163.38,157.26,151.81,156.27,162.87,163.74,164.3,163.94,155.64,147.4,137.94,131.9
Karachi,Pulses Gram,Food,2023,217.84,209.68,202.41,208.36,217.16,218.32,219.07,218.59,207.52,196.53,183.92,175.86
Karachi,Pulses Gram,Food,2024,254.36,241.88,246.46,249.84,270.52,284.56,305.75,324.02,327.17,325.5,315.48,295.36
Lahore,Pulses Gram,Food,2022,177.28,172.7,178.53,178.65,180.44,187.27,194.37,210.95,214.53,212.42,208.4,207.82
Lahore,Pulses Gram,Food,2023,236.38,230.27,238.04,238.2,240.58,249.7,259.16,281.27,286.04,283.22,277.87,277.09
Lahore,Pulses Gram,Food,2024,263.57,264.2,263.9,260.93,272.24,273.02,281.34,291.11,295.23,280.68,278.83,268.28
Islamabad,Pulses Gram,Food,2022,157.0,157.78,157.51,164.18,177.55,185.48,196.31,203.56,209.87,189.94,174.02,154.36
Islamabad,Pulses Gram,Food,2023,209.34,210.37,210.01,218.91,236.73,247.31,261.75,271.41,279.83,253.26,232.03,205.81
Islamabad,Pulses Gram,Food,2024,239.8,233.38,232.32,226.44,221.75,235.73,242.31,243.75,241.62,240.8,225.43,220.84
Peshawar,Pulses Gram,Food,2022,177.09,179.84,177.69,184.32,198.16,214.79,226.04,221.53,224.66,219.26,217.04,202.24
Peshawar,Pulses Gram,Food,2023,236.12,239.79,236.92,245.76,264.21,286.39,301.39,295.37,299.54,292.35,289.39,269.65
Peshawar,Pulses Gram,Food,2024,293.87,296.05,306.78,312.01,320.84,331.33,334.9,336.09,350.35,331.4,329.05,302.59
Quetta,Pulses Gram,Food,2022,165.94,161.02,157.38,156.54,168.98,174.65,179.15,177.25,174.14,177.04,171.13,164.32
Quetta,Pulses Gram,Food,2023,221.25,214.7,209.84,208.72,225.31,232.87,238.87,236.33,232.19,236.05,228.17,219.1
Quetta,Pulses Gram,Food,2024,262.85,256.74,257.82,258.48,275.83,306.83,325.33,330.64,326.93,317.01,308.68,287.07
Karachi,Pulses Moong,Food,2022,192.2,189.62,179.76,183.87,197.57,205.06,223.76,221.08,228.52,218.74,208.18,190.47
Karachi,Pulses Moong,Food,2023,256.27,252.83,239.68,245.16,263.43,273.42,298.35,294.77,304.69,291.66,277.58,253.96
Karachi,Pulses Moong,Food,2024,303.02,281.18,287.83,294.68,313.25,321.84,328.49,348.28,349.99,340.17,341.2,331.96
Lahore,Pulses Moong,Food,2022,185.12,181.54,188.3,193.41,208.42,221.63,235.7,235.66,242.12,235.3,219.77,208.09
Lahore,Pulses Moong,Food,2023,246.83,242.05,251.06,257.88,277.9,295.51,314.27,314.21,322.83,313.73,293.03,277.46
Lahore,Pulses Moong,Food,2024,307.78,305.13,310.24,327.1,325.68,345.05,370.32,380.57,366.54,359.08,360.26,339.78
Islamabad,Pulses Moong,Food,2022,178.61,172.94,172.23,178.21,181.93,187.22,191.35,191.91,188.62,184.98,170.01,162.26
Islamabad,Pulses Moong,Food,2023,238.15,230.58,229.64,237.61,242.57,249.63,255.13,255.88,251.49,246.64,226.68,216.35
Islamabad,Pulses Moong,Food,2024,287.15,275.94,275.08,288.91,305.04,322.91,333.15,328.18,326.7,309.03,279.09,266.45
Peshawar,Pulses Moong,Food,2022,178.24,173.36,179.16,181.76,194.54,209.91,210.88,214.95,221.44,217.88,220.14,211.04
Peshawar,Pulses Moong,Food,2023,237.65,231.15,238.88,242.35,259.39,279.88,281.17,286.6,295.26,290.51,293.52,281.39
Peshawar,Pulses Moong,Food,2024,264.62,266.51,264.32,270.37,284.61,300.15,304.03,314.42,313.57,300.18,299.41,279.83
Quetta,Pulses Moong,Food,2022,179.64,176.36,176.22,177.01,177.66,179.45,187.33,187.18,191.95,191.32,183.51,173.49
Quetta,Pulses Moong,Food,2023,239.52,235.15,234.96,236.01,236.88,239.27,249.77,249.58,255.93,255.1,244.68,231.32
Quetta,Pulses Moong,Food,2024,280.51,278.96,285.77,306.76,316.16,336.5,355.2,371.68,365.28,339.72,310.81,288.18
Karachi,Pulses Mash,Food,2022,175.01,177.3,172.73,179.05,194.92,203.83,207.27,222.82,224.9,222.56,212.17,190.48
Karachi,Pulses Mash,Food,2023,233.35,236.4,230.3,238.73,259.89,271.78,276.36,297.1,299.86,296.74,282.89,253.97
Karachi,Pulses Mash,Food,2024,281.9,270.61,284.24,299.6,313.56,322.14,356.27,374.09,366.24,335.61,320.78,305.46
Lahore,Pulses Mash,Food,2022,193.36,190.82,192.96,194.7,204.73,216.34,217.52,228.92,227.53,210.53,200.01,189.08
Lahore,Pulses Mash,Food,2023,257.82,254.42,257.28,259.6,272.97,288.45,290.03,305.22,303.37,280.71,266.68,252.1
Lahore,Pulses Mash,Food,2024,300.89,287.18,288.22,297.03,301.26,327.31,347.2,354.76,341.8,333.16,317.52,310.86
Islamabad,Pulses Mash,Food,2022,192.14,186.61,189.72,202.66,213.43,230.25,240.11,245.38,254.62,247.55,230.08,222.98
Islamabad,Pulses Mash,Food,2023,256.18,248.81,252.96,270.21,284.57,307.0,320.15,327.17,339.49,330.07,306.78,297.31
Islamabad,Pulses Mash,Food,2024,293.55,292.21,299.9,317.01,317.59,335.93,348.01,351.87,350.69,328.64,316.68,294.98
Peshawar,Pulses Mash,Food,2022,163.66,156.16,156.15,157.17,157.79,170.42,184.37,196.35,196.97,195.44,182.01,169.93
Peshawar,Pulses Mash,Food,2023,218.22,208.22,208.2,209.56,210.39,227.23,245.83,261.8,262.63,260.59,242.68,226.57
Peshawar,Pulses Mash,Food,2024,251.99,250.69,250.41,254.44,259.74,267.23,287.62,290.09,301.2,287.35,272.66,264.85
Quetta,Pulses Mash,Food,2022,164.14,155.35,158.35,160.6,161.72,163.36,168.24,173.66,182.48,182.24,175.75,167.53
Quetta,Pulses Mash,Food,2023,218.86,207.14,211.13,214.14,215.62,217.81,224.32,231.55,243.3,242.99,234.33,223.37
Quetta,Pulses Mash,Food,2024,249.68,241.9,246.31,252.56,264.91,281.0,277.16,280.72,284.71,258.56,244.54,232.36
Karachi,Pulses Masoor,Food,2022,117.07,117.69,119.34,120.55,134.45,136.52,146.66,152.29,149.45,143.47,135.14,127.52
Karachi,Pulses Masoor,Food,2023,156.09,156.92,159.12,160.73,179.27,182.02,195.55,203.05,199.27,191.29,180.19,170.02
Karachi,Pulses Masoor,Food,2024,174.47,174.17,178.97,182.65,196.51,214.33,219.45,218.4,207.13,209.76,200.56,187.82
Lahore,Pulses Masoor,Food,2022,117.48,115.66,118.37,118.77,125.97,130.96,132.15,144.48,144.68,142.7,141.41,131.57
Lahore,Pulses Masoor,Food,2023,156.64,154.22,157.83,158.36,167.96,174.62,176.2,192.64,192.9,190.27,188.55,175.43
Lahore,Pulses Masoor,Food,2024,194.37,186.04,177.52,181.0,193.13,209.1,213.28,219.7,212.05,200.27,182.57,181.76
Islamabad,Pulses Masoor,Food,2022,116.01,113.6,108.69,115.57,115.38,114.25,117.51,115.39,117.67,110.96,107.84,99.31
Islamabad,Pulses Masoor,Food,2023,154.68,151.46,144.92,154.09,153.84,152.33,156.68,153.85,156.89,147.95,143.79,132.41
Islamabad,Pulses Masoor,Food,2024,184.83,184.85,186.43,190.52,200.28,214.51,219.14,220.0,215.7,220.61,215.43,200.84
Peshawar,Pulses Masoor,Food,2022,128.05,122.73,127.35,132.33,139.45,147.33,152.57,155.76,155.46,151.22,146.58,141.24
Peshawar,Pulses Masoor,Food,2023,170.73,163.64,169.8,176.44,185.93,196.44,203.43,207.68,207.28,201.62,195.44,188.32
Peshawar,Pulses Masoor,Food,2024,213.29,197.54,188.82,184.7,191.21,192.97,200.44,204.36,203.24,194.2,190.78,180.21
Quetta,Pulses Masoor,Food,2022,138.3,137.12,136.25,146.42,155.39,166.57,179.14,185.36,186.57,178.84,184.66,172.27
Quetta,Pulses Masoor,Food,2023,184.4,182.83,181.67,195.23,207.19,222.09,238.85,247.14,248.76,238.45,246.21,229.7
Quetta,Pulses Masoor,Food,2024,209.61,190.64,190.01,189.41,206.71,211.45,234.42,238.4,242.05,240.02,222.69,205.94
Karachi,Cigarettes,Food,2022,115.75,112.96,107.42,110.67,114.89,116.17,117.55,119.8,122.23,121.41,118.54,114.81
Karachi,Cigarettes,Food,2023,154.33,150.62,143.22,147.56,153.19,154.89,156.73,159.74,162.98,161.88,158.05,153.08
Karachi,Cigarettes,Food,2024,169.86,148.75,147.02,149.48,158.86,162.4,166.32,172.36,176.2,159.69,151.59,145.08
Lahore,Cigarettes,Food,2022,113.08,112.48,119.56,125.89,125.74,130.04,134.35,137.01,142.7,141.91,136.49,128.39
Lahore,Cigarettes,Food,2023,150.78,149.97,159.42,167.85,167.66,173.39,179.14,182.68,190.26,189.21,181.99,171.19
Lahore,Cigarettes,Food,2024,175.59,172.96,176.94,177.77,188.3,196.55,207.19,217.23,212.19,214.42,213.03,201.13
Islamabad,Cigarettes,Food,2022,104.93,99.81,99.29,99.13,104.66,107.24,114.84,121.16,121.6,119.93,110.36,104.43
Islamabad,Cigarettes,Food,2023,139.9,133.08,132.39,132.17,139.54,142.99,153.12,161.55,162.13,159.9,147.15,139.24
Islamabad,Cigarettes,Food,2024,152.8,149.98,160.37,165.16,170.52,181.9,201.57,207.25,205.98,195.29,180.7,173.75
Peshawar,Cigarettes,Food,2022,119.44,117.72,118.08,119.3,122.84,133.75,141.05,145.96,145.8,144.75,135.02,122.32
Peshawar,Cigarettes,Food,2023,159.26,156.96,157.44,159.07,163.78,178.33,188.07,194.61,194.4,193.0,180.02,163.09
Peshawar,Cigarettes,Food,2024,185.4,185.48,184.43,187.0,200.83,215.74,225.94,235.29,231.16,226.26,221.4,219.26
Quetta,Cigarettes,Food,2022,124.71,122.65,122.99,125.17,129.25,135.97,132.02,133.72,139.54,132.05,124.52,116.93
Quetta,Cigarettes,Food,2023,166.28,163.53,163.99,166.89,172.33,181.29,176.03,178.29,186.05,176.07,166.03,155.9
Quetta,Cigarettes,Food,2024,203.48,190.26,194.46,201.78,214.77,239.08,251.88,258.41,259.24,247.09,241.28,235.65
Karachi,Tobacco,Food,2022,154.1,146.98,146.05,144.87,145.4,146.0,150.17,154.08,155.41,163.17,151.81,141.98
Karachi,Tobacco,Food,2023,205.46,195.97,194.73,193.16,193.87,194.66,200.23,205.44,207.21,217.56,202.41,189.3
Karachi,Tobacco,Food,2024,240.77,228.33,219.31,229.62,232.92,247.51,258.45,263.74,251.73,242.66,245.68,234.27
Lahore,Tobacco,Food,2022,161.31,157.57,160.17,155.12,156.14,165.44,173.25,184.66,190.73,189.07,172.87,158.13
Lahore,Tobacco,Food,2023,215.08,210.1,213.56,206.83,208.18,220.58,231.0,246.22,254.31,252.09,230.49,210.84
Lahore,Tobacco,Food,2024,263.22,248.01,244.89,266.21,277.24,291.42,303.62,312.0,308.77,309.49,296.02,282.14
Islamabad,Tobacco,Food,2022,167.44,169.76,166.93,167.14,177.77,194.39,209.19,214.9,214.5,197.41,191.42,175.36
Islamabad,Tobacco,Food,2023,223.25,226.35,222.57,222.85,237.03,259.19,278.92,286.53,286.0,263.21,255.22,233.82
Islamabad,Tobacco,Food,2024,271.56,271.6,270.72,283.33,300.76,316.44,333.62,340.54,335.73,321.46,317.43,299.27
Peshawar,Tobacco,Food,2022,171.32,168.21,163.17,170.42,174.23,187.8,195.88,202.31,207.7,211.57,203.99,192.38
Peshawar,Tobacco,Food,2023,228.42,224.28,217.56,227.22,232.31,250.4,261.17,269.75,276.93,282.09,271.99,256.5
Peshawar,Tobacco,Food,2024,273.62,260.92,263.06,272.18,280.27,286.65,299.0,303.32,299.51,295.77,283.95,272.33
Quetta,Tobacco,Food,2022,169.28,165.75,164.83,169.52,176.36,182.0,190.99,192.42,200.03,193.78,184.06,179.07
Quetta,Tobacco,Food,2023,225.71,221.0,219.77,226.03,235.14,242.66,254.65,256.56,266.71,258.37,245.41,238.76
Quetta,Tobacco,Food,2024,256.67,244.43,232.73,244.15,245.54,252.59,259.87,261.94,265.76,252.06,243.72,220.88
Karachi,Childrens Garments,Clothing,2022,142.78,134.7,132.98,136.88,147.8,152.44,159.5,166.16,166.05,165.34,154.95,144.59
Karachi,Childrens Garments,Clothing,2023,190.37,179.6,177.3,182.51,197.06,203.25,212.67,221.54,221.4,220.46,206.6,192.79
Karachi,Childrens Garments,Clothing,2024,224.83,221.08,227.28,243.93,258.25,264.7,270.73,266.57,264.13,250.98,231.59,214.54
Lahore,Childrens Garments,Clothing,2022,150.62,143.03,143.6,144.99,146.78,154.0,158.9,157.13,160.05,158.29,152.33,149.3
Lahore,Childrens Garments,Clothing,2023,200.83,190.71,191.47,193.32,195.71,205.33,211.87,209.51,213.4,211.05,203.11,199.06
Lahore,Childrens Garments,Clothing,2024,228.59,226.54,223.18,237.69,246.99,256.26,269.07,288.53,277.47,272.49,242.69,230.81
Islamabad,Childrens Garments,Clothing,2022,136.06,136.27,128.88,127.46,124.72,132.23,134.66,141.97,147.12,132.88,130.46,121.98
Islamabad,Childrens Garments,Clothing,2023,181.41,181.69,171.84,169.95,166.29,176.31,179.54,189.29,196.16,177.17,173.95,162.64
Islamabad,Childrens Garments,Clothing,2024,212.0,214.36,211.2,221.48,223.2,217.91,220.85,226.83,229.55,225.99,219.45,197.96
Peshawar,Childrens Garments,Clothing,2022,142.74,140.33,142.0,136.8,139.26,149.33,154.24,155.18,156.22,155.38,142.6,136.43
Peshawar,Childrens Garments,Clothing,2023,190.32,187.11,189.33,182.4,185.68,199.11,205.65,206.91,208.29,207.17,190.14,181.91
Peshawar,Childrens Garments,Clothing,2024,229.92,219.42,217.36,223.41,237.9,244.72,259.47,265.58,272.15,261.64,248.57,237.73
Quetta,Childrens Garments,Clothing,2022,137.39,137.48,134.8,140.15,149.39,167.05,178.48,181.06,185.38,185.01,180.37,173.18
Quetta,Childrens Garments,Clothing,2023,183.19,183.31,179.73,186.86,199.19,222.73,237.97,241.41,247.17,246.68,240.49,230.9
Quetta,Childrens Garments,Clothing,2024,219.23,211.8,204.26,213.28,220.53,229.19,231.77,232.07,228.15,222.47,210.3,191.95
Karachi,Gents Readymade Garments,Clothing,2022,153.85,148.95,152.15,151.25,157.84,167.84,178.84,172.27,176.49,173.7,161.52,152.51
Karachi,Gents Readymade Garments,Clothing,2023,205.14,198.6,202.87,201.67,210.46,223.78,238.45,229.69,235.32,231.6,215.36,203.35
Karachi,Gents Readymade Garments,Clothing,2024,245.75,246.3,238.94,238.71,247.63,252.12,275.2,284.95,272.36,274.34,267.98,237.84
Lahore,Gents Readymade Garments,Clothing,2022,128.03,127.36,129.62,135.97,135.52,147.01,152.62,158.25,155.95,156.75,148.22,139.36
Lahore,Gents Readymade Garments,Clothing,2023,170.71,169.82,172.83,181.29,180.7,196.01,203.49,211.0,207.94,209.0,197.62,185.82
Lahore,Gents Readymade Garments,Clothing,2024,202.85,199.62,200.64,203.18,212.5,230.26,243.01,250.58,244.32,240.97,228.48,225.32
Islamabad,Gents Readymade Garments,Clothing,2022,129.32,124.18,124.07,132.66,136.38,135.77,136.96,144.77,147.84,148.27,139.79,132.63
Islamabad,Gents Readymade Garments,Clothing,2023,172.43,165.58,165.43,176.88,181.84,181.03,182.62,193.03,197.12,197.7,186.39,176.84
Islamabad,Gents Readymade Garments,Clothing,2024,186.57,175.66,174.39,178.45,186.44,190.71,198.77,202.84,209.65,209.41,191.43,180.41
Peshawar,Gents Readymade Garments,Clothing,2022,148.9,146.61,148.15,149.88,155.41,162.55,169.12,170.88,169.79,166.82,155.96,151.3
Peshawar,Gents Readymade Garments,Clothing,2023,198.54,195.48,197.53,199.84,207.21,216.73,225.49,227.84,226.39,222.43,207.95,201.74
Peshawar,Gents Readymade Garments,Clothing,2024,242.93,234.65,222.71,227.67,232.56,243.5,248.85,254.27,249.77,258.57,243.11,232.98
Quetta,Gents Readymade Garments,Clothing,2022,133.35,132.48,134.82,131.48,129.62,133.63,140.35,138.63,142.1,139.79,132.73,128.12
Quetta,Gents Readymade Garments,Clothing,2023,177.8,176.64,179.76,175.31,172.82,178.17,187.14,184.84,189.46,186.39,176.98,170.83
Quetta,Gents Readymade Garments,Clothing,2024,207.15,187.7,187.31,193.65,204.55,202.8,208.03,208.25,216.54,211.79,200.77,186.97
Karachi,Ladies Readymade Garments,Clothing,2022,142.72,139.73,148.38,162.6,164.35,169.58,167.5,175.82,176.71,168.38,156.0,146.38
Karachi,Ladies Readymade Garments,Clothing,2023,190.29,186.3,197.84,216.8,219.13,226.1,223.34,234.42,235.61,224.5,208.0,195.17
Karachi,Ladies Readymade Garments,Clothing,2024,233.03,212.85,215.25,226.93,236.63,244.98,251.41,258.0,262.4,266.87,263.04,245.05
Lahore,Ladies Readymade Garments,Clothing,2022,152.58,143.45,144.81,147.58,153.04,160.85,167.42,170.58,169.06,166.34,155.83,145.88
Lahore,Ladies Readymade Garments,Clothing,2023,203.44,191.27,193.08,196.78,204.05,214.47,223.23,227.44,225.42,221.79,207.77,194.5
Lahore,Ladies Readymade Garments,Clothing,2024,235.91,232.8,240.48,242.45,246.47,267.16,276.9,288.03,289.14,280.08,279.24,272.56
Islamabad,Ladies Readymade Garments,Clothing,2022,150.4,149.54,145.48,149.0,155.48,170.37,181.08,191.23,189.92,181.29,172.04,161.13
Islamabad,Ladies Readymade Garments,Clothing,2023,200.53,199.38,193.98,198.67,207.3,227.16,241.44,254.97,253.23,241.72,229.38,214.84
Islamabad,Ladies Readymade Garments,Clothing,2024,230.02,227.13,219.56,221.62,249.34,263.84,265.38,267.76,286.6,278.75,265.81,252.88
Peshawar,Ladies Readymade Garments,Clothing,2022,158.91,159.82,157.27,158.02,171.12,183.29,198.83,209.23,206.98,200.26,185.14,168.53
Peshawar,Ladies Readymade Garments,Clothing,2023,211.88,213.09,209.69,210.7,228.16,244.39,265.11,278.97,275.97,267.01,246.85,224.71
Peshawar,Ladies Readymade Garments,Clothing,2024,234.18,240.76,241.61,233.62,244.27,250.85,263.19,272.25,273.86,268.96,256.82,251.42
Quetta,Ladies Readymade Garments,Clothing,2022,142.96,144.02,138.72,140.4,145.76,157.21,162.82,160.48,157.9,155.37,151.16,138.94
Quetta,Ladies Readymade Garments,Clothing,2023,190.61,192.02,184.96,187.2,194.34,209.61,217.1,213.98,210.54,207.16,201.55,185.26
Quetta,Ladies Readymade Garments,Clothing,2024,228.56,216.55,220.05,222.6,228.58,243.14,265.62,264.32,271.13,261.9,246.57,237.6
Karachi,Footwear Children,Clothing,2022,200.48,200.69,209.54,219.02,229.77,239.96,257.32,259.63,261.99,252.38,251.36,243.49
Karachi,Footwear Children,Clothing,2023,267.31,267.59,279.38,292.03,306.36,319.95,343.09,346.17,349.32,336.5,335.14,324.65
Karachi,Footwear Children,Clothing,2024,318.21,300.61,304.06,310.59,329.78,334.41,349.48,360.57,365.11,361.05,361.68,347.46
Lahore,Footwear Children,Clothing,2022,203.68,198.05,200.43,206.7,209.69,216.34,231.16,240.02,230.95,228.02,217.26,207.24
Lahore,Footwear Children,Clothing,2023,271.58,264.07,267.24,275.6,279.59,288.46,308.21,320.03,307.93,304.02,289.68,276.32
Lahore,Footwear Children,Clothing,2024,327.12,331.46,334.72,351.68,374.84,391.32,396.63,423.61,418.13,405.02,389.18,365.87
Islamabad,Footwear Children,Clothing,2022,192.45,188.59,193.24,187.52,192.23,200.93,201.57,214.84,218.56,212.06,201.28,189.57
Islamabad,Footwear Children,Clothing,2023,256.6,251.45,257.65,250.02,256.31,267.91,268.76,286.46,291.42,282.75,268.38,252.76
Islamabad,Footwear Children,Clothing,2024,313.74,314.27,312.85,307.66,314.24,328.13,352.27,360.46,351.15,350.63,331.57,307.78
Peshawar,Footwear Children,Clothing,2022,190.64,192.85,184.45,185.03,193.03,196.34,203.8,214.83,220.38,209.74,191.34,195.02
Peshawar,Footwear Children,Clothing,2023,254.19,257.13,245.93,246.71,257.37,261.79,271.74,286.44,293.84,279.66,255.12,260.02
Peshawar,Footwear Children,Clothing,2024,275.55,271.54,263.73,280.27,286.83,289.22,310.01,313.99,317.75,307.96,286.76,271.05
Quetta,Footwear Children,Clothing,2022,211.85,207.32,216.2,212.84,223.53,243.95,250.3,257.16,259.14,255.6,252.93,240.44
Quetta,Footwear Children,Clothing,2023,282.47,276.42,288.27,283.79,298.04,325.27,333.73,342.88,345.52,340.8,337.24,320.59
Quetta,Footwear Children,Clothing,2024,332.62,319.23,331.48,340.26,353.57,364.94,386.63,393.59,401.32,399.36,396.35,379.32
Karachi,Footwear Ladies,Clothing,2022,196.81,190.76,198.58,212.32,222.03,242.43,255.98,267.52,253.95,258.72,241.45,229.04
Karachi,Footwear Ladies,Clothing,2023,262.41,254.35,264.77,283.09,296.04,323.24,341.31,356.69,338.6,344.96,321.93,305.39
Karachi,Footwear Ladies,Clothing,2024,321.72,310.85,306.66,319.69,328.08,339.33,354.51,361.0,367.08,364.25,330.77,318.67
Lahore,Footwear Ladies,Clothing,2022,191.22,194.11,197.95,207.17,206.51,213.3,218.26,225.07,230.11,221.51,213.64,197.15
Lahore,Footwear Ladies,Clothing,2023,254.96,258.81,263.93,276.23,275.35,284.4,291.01,300.09,306.81,295.35,284.86,262.87
Lahore,Footwear Ladies,Clothing,2024,278.54,273.11,276.23,290.61,309.33,320.15,323.95,333.08,332.57,316.95,308.28,303.04
Islamabad,Footwear Ladies,Clothing,2022,199.04,202.44,200.09,203.95,213.56,219.98,224.89,231.69,218.86,216.63,209.34,199.46
Islamabad,Footwear Ladies,Clothing,2023,265.38,269.92,266.79,271.93,284.74,293.31,299.85,308.92,291.81,288.84,279.12,265.94
Islamabad,Footwear Ladies,Clothing,2024,316.24,318.9,312.48,325.25,328.46,345.16,355.72,362.39,367.03,364.87,353.74,344.69
Peshawar,Footwear Ladies,Clothing,2022,178.63,171.76,167.72,172.67,174.35,177.07,190.48,196.74,203.49,195.82,182.74,173.72
Peshawar,Footwear Ladies,Clothing,2023,238.17,229.02,223.62,230.23,232.47,236.09,253.98,262.32,271.32,261.09,243.65,231.62
Peshawar,Footwear Ladies,Clothing,2024,285.44,281.98,272.91,286.99,299.91,317.51,331.21,332.27,316.89,304.11,308.52,293.48
Quetta,Footwear Ladies,Clothing,2022,192.25,192.76,187.24,186.75,197.12,217.52,217.41,217.99,233.33,221.05,211.63,199.64
Quetta,Footwear Ladies,Clothing,2023,256.33,257.02,249.66,249.0,262.82,290.03,289.88,290.65,311.11,294.73,282.17,266.19
Quetta,Footwear Ladies,Clothing,2024,296.02,273.65,264.11,282.44,283.74,294.51,308.4,323.75,333.2,319.71,309.17,303.9
Karachi,Tailoring,Clothing,2022,225.13,223.55,225.1,229.22,236.98,249.2,273.14,288.88,294.25,282.54,273.02,257.01
Karachi,Tailoring,Clothing,2023,300.17,298.07,300.13,305.62,315.97,332.27,364.18,385.18,392.33,376.72,364.02,342.68
Karachi,Tailoring,Clothing,2024,340.87,330.94,330.21,338.18,346.22,376.51,407.15,416.18,436.63,420.27,411.1,387.64
Lahore,Tailoring,Clothing,2022,223.39,209.66,214.22,218.06,227.26,245.9,249.83,254.1,255.32,246.32,245.98,241.28
Lahore,Tailoring,Clothing,2023,297.85,279.54,285.62,290.75,303.01,327.87,333.11,338.8,340.42,328.43,327.98,321.71
Lahore,Tailoring,Clothing,2024,342.12,333.52,341.69,340.89,366.57,358.73,371.21,386.19,389.52,396.67,392.46,371.02
Islamabad,Tailoring,Clothing,2022,202.09,195.04,193.32,200.62,213.61,212.75,224.15,211.86,211.4,194.65,188.35,182.48
Islamabad,Tailoring,Clothing,2023,269.45,260.05,257.76,267.49,284.81,283.67,298.87,282.48,281.87,259.53,251.13,243.3
Islamabad,Tailoring,Clothing,2024,321.53,314.79,320.45,333.49,344.6,352.85,365.27,376.06,372.61,354.65,334.74,311.36
Peshawar,Tailoring,Clothing,2022,213.48,214.33,217.67,220.2,218.9,231.08,239.92,251.55,257.14,255.8,243.95,235.09
Peshawar,Tailoring,Clothing,2023,284.64,285.78,290.22,293.6,291.86,308.11,319.89,335.4,342.86,341.07,325.27,313.45
Peshawar,Tailoring,Clothing,2024,324.21,304.85,306.0,323.41,350.3,380.02,398.18,406.44,408.47,409.76,394.88,381.06
Quetta,Tailoring,Clothing,2022,213.67,201.96,186.14,199.16,218.56,233.74,244.88,258.31,243.89,237.53,224.34,215.38
Quetta,Tailoring,Clothing,2023,284.89,269.28,248.19,265.55,291.41,311.65,326.5,344.41,325.19,316.71,299.12,287.18
Quetta,Tailoring,Clothing,2024,312.85,305.21,305.51,297.05,318.62,330.6,353.98,369.86,364.27,360.83,333.44,320.29
Karachi,Furniture,Housing,2022,136.87,130.0,132.94,134.71,138.4,146.2,155.2,148.81,142.76,140.72,132.81,125.88
Karachi,Furniture,Housing,2023,182.49,173.34,177.25,179.61,184.53,194.94,206.93,198.41,190.34,187.63,177.08,167.84
Karachi,Furniture,Housing,2024,225.34,218.51,224.88,234.11,254.87,273.04,287.3,300.86,291.59,283.64,272.13,255.84
Lahore,Furniture,Housing,2022,143.66,143.99,145.84,146.93,153.62,161.78,165.8,167.07,170.61,168.81,163.01,156.1
Lahore,Furniture,Housing,2023,191.55,191.99,194.45,195.91,204.82,215.71,221.07,222.76,227.48,225.08,217.35,208.14
Lahore,Furniture,Housing,2024,211.85,201.37,195.84,199.21,205.23,206.63,214.28,217.95,214.97,211.46,207.91,203.39
Islamabad,Furniture,Housing,2022,147.89,140.68,142.01,146.56,156.27,165.53,169.58,177.14,168.76,165.22,153.67,141.7
Islamabad,Furniture,Housing,2023,197.19,187.57,189.35,195.41,208.36,220.71,226.11,236.18,225.02,220.29,204.89,188.94
Islamabad,Furniture,Housing,2024,241.1,238.39,231.67,237.95,241.63,253.63,264.54,273.31,279.43,263.98,249.82,235.75
Peshawar,Furniture,Housing,2022,135.76,133.31,130.38,130.45,136.69,135.69,146.53,140.55,141.03,133.06,122.09,109.64
Peshawar,Furniture,Housing,2023,181.01,177.75,173.84,173.94,182.25,180.92,195.37,187.4,188.04,177.42,162.79,146.18
Peshawar,Furniture,Housing,2024,214.94,203.27,209.86,220.77,222.12,227.48,249.32,245.4,246.58,238.39,229.78,210.59
Quetta,Furniture,Housing,2022,134.99,126.57,126.5,129.36,137.53,151.13,155.77,156.22,156.83,150.6,143.44,136.15
Quetta,Furniture,Housing,2023,179.99,168.76,168.66,172.48,183.37,201.51,207.7,208.29,209.11,200.8,191.26,181.53
Quetta,Furniture,Housing,2024,211.59,201.25,193.7,194.17,213.95,231.07,251.4,266.73,259.13,254.5,234.54,218.98
Karachi,Utensils,Housing,2022,207.06,206.8,214.22,215.51,225.6,236.83,253.6,262.28,259.35,261.17,242.59,236.06
Karachi,Utensils,Housing,2023,276.08,275.73,285.63,287.35,300.8,315.78,338.13,349.71,345.8,348.23,323.46,314.75
Karachi,Utensils,Housing,2024,327.86,316.34,307.2,308.96,336.5,336.22,352.61,386.91,388.71,386.39,392.54,375.21
Lahore,Utensils,Housing,2022,206.85,202.64,203.62,213.06,227.26,240.2,259.69,258.23,246.41,238.57,224.26,217.05
Lahore,Utensils,Housing,2023,275.8,270.19,271.49,284.08,303.02,320.26,346.25,344.3,328.55,318.09,299.02,289.4
Lahore,Utensils,Housing,2024,336.64,318.96,326.6,324.09,354.95,377.71,386.37,396.76,390.46,389.68,374.06,354.54
Islamabad,Utensils,Housing,2022,189.51,185.63,182.71,183.7,192.03,201.65,197.77,200.07,194.48,186.13,176.96,171.5
Islamabad,Utensils,Housing,2023,252.68,247.51,243.61,244.93,256.04,268.87,263.7,266.76,259.31,248.17,235.94,228.66
Islamabad,Utensils,Housing,2024,287.25,292.42,307.76,298.62,312.4,327.47,328.06,316.93,323.66,324.63,303.52,286.37
Peshawar,Utensils,Housing,2022,205.01,200.38,201.33,208.38,206.63,210.28,221.59,225.64,225.79,218.46,198.07,194.33
Peshawar,Utensils,Housing,2023,273.35,267.18,268.44,277.84,275.51,280.37,295.45,300.85,301.05,291.28,264.09,259.11
Peshawar,Utensils,Housing,2024,302.66,284.15,286.19,298.09,302.67,322.32,327.63,342.24,347.3,328.05,317.63,285.37
Quetta,Utensils,Housing,2022,207.35,206.53,207.5,207.91,218.38,231.63,245.42,256.18,266.87,258.04,257.15,256.3
Quetta,Utensils,Housing,2023,276.47,275.37,276.67,277.21,291.18,308.84,327.22,341.58,355.83,344.06,342.87,341.74
Quetta,Utensils,Housing,2024,337.13,327.01,327.74,340.01,356.02,371.16,385.19,398.93,381.13,388.23,370.88,348.66
Karachi,Hospital Services,Health,2022,165.49,165.02,159.08,170.35,176.46,194.28,216.7,230.49,231.59,218.88,210.28,203.16
Karachi,Hospital Services,Health,2023,220.65,220.02,212.11,227.13,235.28,259.04,288.93,307.32,308.79,291.84,280.38,270.88
Karachi,Hospital Services,Health,2024,260.27,264.02,269.86,276.34,272.18,292.32,302.26,319.09,319.38,324.29,307.56,292.09
Lahore,Hospital Services,Health,2022,151.22,151.2,157.33,159.86,163.43,169.07,190.25,192.9,188.14,185.24,177.83,162.61
Lahore,Hospital Services,Health,2023,201.62,201.6,209.77,213.15,217.9,225.43,253.67,257.2,250.85,246.98,237.11,216.81
Lahore,Hospital Services,Health,2024,239.63,232.45,221.49,237.39,240.34,250.82,258.83,263.18,261.18,260.65,250.37,229.45
Islamabad,Hospital Services,Health,2022,155.47,150.54,144.91,155.06,160.26,157.68,168.66,177.61,173.44,174.11,163.64,148.53
Islamabad,Hospital Services,Health,2023,207.29,200.72,193.21,206.74,213.68,210.24,224.88,236.81,231.25,232.15,218.18,198.04
Islamabad,Hospital Services,Health,2024,248.52,248.47,239.04,239.97,257.42,269.58,264.77,277.33,286.25,278.17,270.68,257.35
Peshawar,Hospital Services,Health,2022,168.04,169.86,168.62,173.86,177.49,185.69,191.14,199.27,199.71,189.92,183.93,180.4
Peshawar,Hospital Services,Health,2023,224.05,226.48,224.83,231.81,236.65,247.59,254.85,265.69,266.28,253.23,245.24,240.53
Peshawar,Hospital Services,Health,2024,278.04,265.18,268.7,272.76,280.24,298.26,302.16,308.55,314.85,308.27,297.21,284.99
Quetta,Hospital Services,Health,2022,164.05,157.59,157.35,156.53,162.77,169.5,175.55,180.76,186.02,190.46,180.65,171.48
Quetta,Hospital Services,Health,2023,218.73,210.12,209.8,208.71,217.02,226.0,234.07,241.01,248.02,253.95,240.87,228.64
Quetta,Hospital Services,Health,2024,272.3,270.64,275.0,269.32,278.27,290.21,318.34,324.34,311.33,293.85,276.65,264.63
Karachi,Medical Products,Health,2022,157.11,156.36,158.23,161.77,165.62,174.53,183.72,186.14,187.01,183.41,172.41,163.73
Karachi,Medical Products,Health,2023,209.48,208.48,210.97,215.69,220.83,232.71,244.96,248.19,249.35,244.55,229.88,218.31
Karachi,Medical Products,Health,2024,233.31,227.58,232.15,245.06,243.31,245.88,257.54,266.6,265.78,259.94,239.71,228.01
Lahore,Medical Products,Health,2022,149.91,144.23,146.53,145.43,155.98,161.19,171.94,174.9,180.8,174.98,170.52,165.26
Lahore,Medical Products,Health,2023,199.88,192.31,195.37,193.91,207.97,214.92,229.26,233.2,241.07,233.31,227.36,220.34
Lahore,Medical Products,Health,2024,222.51,218.7,220.75,238.2,240.47,260.85,273.43,284.34,279.02,273.36,268.64,261.27
Islamabad,Medical Products,Health,2022,169.78,169.39,168.49,168.88,173.94,179.38,194.9,197.69,197.72,193.84,183.2,175.44
Islamabad,Medical Products,Health,2023,226.38,225.85,224.65,225.18,231.92,239.18,259.86,263.59,263.62,258.46,244.26,233.92
Islamabad,Medical Products,Health,2024,265.28,259.16,267.86,285.72,301.37,317.04,313.0,315.32,327.13,306.57,289.57,285.66
Peshawar,Medical Products,Health,2022,170.2,160.58,156.31,157.76,167.3,173.17,189.28,197.87,192.23,189.5,176.89,170.89
Peshawar,Medical Products,Health,2023,226.94,214.11,208.41,210.34,223.07,230.89,252.38,263.83,256.3,252.67,235.85,227.85
Peshawar,Medical Products,Health,2024,274.12,262.65,262.49,268.26,277.51,299.7,321.71,314.67,307.98,299.54,288.68,280.88
Quetta,Medical Products,Health,2022,160.04,163.34,160.0,162.81,178.45,181.34,189.26,199.34,198.36,197.43,193.18,182.53
Quetta,Medical Products,Health,2023,213.39,217.78,213.34,217.08,237.93,241.78,252.35,265.79,264.48,263.24,257.58,243.37
Quetta,Medical Products,Health,2024,263.63,259.09,262.53,268.96,274.65,301.81,311.96,311.51,321.0,311.61,291.51,273.3
Karachi,Medical Services,Health,2022,134.18,133.37,131.34,138.43,140.74,144.55,146.41,145.84,142.73,136.47,133.91,132.19
Karachi,Medical Services,Health,2023,178.9,177.83,175.12,184.57,187.65,192.73,195.21,194.45,190.3,181.96,178.55,176.25
Karachi,Medical Services,Health,2024,202.71,190.0,194.5,208.92,218.03,225.4,232.63,244.65,251.36,240.54,228.51,206.0
Lahore,Medical Services,Health,2022,146.44,136.34,138.87,134.5,139.6,145.27,154.54,155.59,148.49,137.61,127.4,121.7
Lahore,Medical Services,Health,2023,195.25,181.78,185.16,179.34,186.14,193.7,206.05,207.45,197.99,183.48,169.86,162.27
Lahore,Medical Services,Health,2024,235.33,237.48,232.29,249.09,258.83,267.68,271.89,265.35,268.32,262.43,259.67,258.18
Islamabad,Medical Services,Health,2022,147.71,143.36,144.44,147.89,151.18,158.22,158.98,157.04,157.45,149.2,137.55,130.24
Islamabad,Medical Services,Health,2023,196.95,191.15,192.58,197.19,201.57,210.96,211.98,209.38,209.94,198.93,183.4,173.66
Islamabad,Medical Services,Health,2024,221.63,208.55,212.49,215.75,229.48,250.21,259.11,282.0,286.02,273.52,258.22,261.22
Peshawar,Medical Services,Health,2022,150.21,148.76,148.95,153.88,155.48,168.18,171.35,183.66,190.05,183.23,175.11,167.82
Peshawar,Medical Services,Health,2023,200.28,198.34,198.6,205.17,207.3,224.24,228.47,244.88,253.4,244.3,233.48,223.76
Peshawar,Medical Services,Health,2024,236.17,224.34,222.67,224.71,233.08,245.96,248.9,252.38,242.72,225.97,213.08,205.72
Quetta,Medical Services,Health,2022,126.44,121.11,117.06,122.31,125.91,141.69,144.46,152.45,158.28,156.94,153.44,147.11
Quetta,Medical Services,Health,2023,168.59,161.48,156.08,163.08,167.88,188.92,192.62,203.27,211.04,209.25,204.58,196.15
Quetta,Medical Services,Health,2024,196.89,183.87,190.46,199.7,224.97,225.56,234.66,247.79,251.62,238.17,233.15,218.14
